<?xml version='1.0' encoding='UTF-8'?>
<backup xmlns="http://www.atlassian.com/ao" xmlns:xsi="http://www.w3.org/2001/XMLSchema-instance">
  <database>
    <meta key="database.name" value="MySQL"/>
    <meta key="database.version" value="5.0.95"/>
    <meta key="database.minorVersion" value="0"/>
    <meta key="database.majorVersion" value="5"/>
    <meta key="driver.name" value="MySQL-AB JDBC Driver"/>
    <meta key="driver.version" value="mysql-connector-java-5.1.10 ( Revision: ${svn.Revision} )"/>
  </database>
</backup>