<?xml version='1.0' encoding='UTF-8'?>
<backup xmlns="http://www.atlassian.com/ao" xmlns:xsi="http://www.w3.org/2001/XMLSchema-instance">
  <database>
    <meta key="database.name" value="MySQL"/>
    <meta key="database.version" value="5.1.61-log"/>
    <meta key="database.minorVersion" value="1"/>
    <meta key="database.majorVersion" value="5"/>
    <meta key="driver.name" value="MySQL-AB JDBC Driver"/>
    <meta key="driver.version" value="mysql-connector-java-5.1.10 ( Revision: ${svn.Revision} )"/>
  </database>
  <table name="AO_21D670_WHITELIST_RULES">
    <column name="ALLOWINBOUND" primaryKey="false" autoIncrement="false" sqlType="-7" precision="1"/>
    <column name="EXPRESSION" primaryKey="false" autoIncrement="false" sqlType="-1" precision="715827882"/>
    <column name="ID" primaryKey="true" autoIncrement="true" sqlType="4" precision="11"/>
    <column name="TYPE" primaryKey="false" autoIncrement="false" sqlType="12" precision="255"/>
  </table>
  <table name="AO_4AEACD_WEBHOOK_DAO">
    <column name="ENABLED" primaryKey="false" autoIncrement="false" sqlType="-7" precision="1"/>
    <column name="ENCODED_EVENTS" primaryKey="false" autoIncrement="false" sqlType="-1" precision="715827882"/>
    <column name="EXCLUDE_ISSUE_DETAILS" primaryKey="false" autoIncrement="false" sqlType="-7" precision="1"/>
    <column name="FILTER" primaryKey="false" autoIncrement="false" sqlType="-1" precision="715827882"/>
    <column name="ID" primaryKey="true" autoIncrement="true" sqlType="4" precision="11"/>
    <column name="JQL" primaryKey="false" autoIncrement="false" sqlType="12" precision="255"/>
    <column name="LAST_UPDATED" primaryKey="false" autoIncrement="false" sqlType="93" precision="19"/>
    <column name="LAST_UPDATED_USER" primaryKey="false" autoIncrement="false" sqlType="12" precision="255"/>
    <column name="NAME" primaryKey="false" autoIncrement="false" sqlType="-1" precision="715827882"/>
    <column name="PARAMETERS" primaryKey="false" autoIncrement="false" sqlType="-1" precision="715827882"/>
    <column name="REGISTRATION_METHOD" primaryKey="false" autoIncrement="false" sqlType="12" precision="255"/>
    <column name="URL" primaryKey="false" autoIncrement="false" sqlType="-1" precision="715827882"/>
  </table>
  <table name="AO_563AEE_ACTIVITY_ENTITY">
    <column name="ACTIVITY_ID" primaryKey="true" autoIncrement="true" sqlType="-5" precision="20"/>
    <column name="ACTOR_ID" primaryKey="false" autoIncrement="false" sqlType="4" precision="11"/>
    <column name="CONTENT" primaryKey="false" autoIncrement="false" sqlType="-1" precision="715827882"/>
    <column name="GENERATOR_DISPLAY_NAME" primaryKey="false" autoIncrement="false" sqlType="12" precision="255"/>
    <column name="GENERATOR_ID" primaryKey="false" autoIncrement="false" sqlType="12" precision="767"/>
    <column name="ICON_ID" primaryKey="false" autoIncrement="false" sqlType="4" precision="11"/>
    <column name="ID" primaryKey="false" autoIncrement="false" sqlType="12" precision="767"/>
    <column name="ISSUE_KEY" primaryKey="false" autoIncrement="false" sqlType="12" precision="255"/>
    <column name="OBJECT_ID" primaryKey="false" autoIncrement="false" sqlType="4" precision="11"/>
    <column name="POSTER" primaryKey="false" autoIncrement="false" sqlType="12" precision="255"/>
    <column name="PROJECT_KEY" primaryKey="false" autoIncrement="false" sqlType="12" precision="255"/>
    <column name="PUBLISHED" primaryKey="false" autoIncrement="false" sqlType="93" precision="19"/>
    <column name="TARGET_ID" primaryKey="false" autoIncrement="false" sqlType="4" precision="11"/>
    <column name="TITLE" primaryKey="false" autoIncrement="false" sqlType="12" precision="255"/>
    <column name="URL" primaryKey="false" autoIncrement="false" sqlType="12" precision="767"/>
    <column name="USERNAME" primaryKey="false" autoIncrement="false" sqlType="12" precision="255"/>
    <column name="VERB" primaryKey="false" autoIncrement="false" sqlType="12" precision="767"/>
    <foreignKey fromTable="AO_563AEE_ACTIVITY_ENTITY" fromColumn="ACTOR_ID" toTable="AO_563AEE_ACTOR_ENTITY" toColumn="ID"/>
    <foreignKey fromTable="AO_563AEE_ACTIVITY_ENTITY" fromColumn="ICON_ID" toTable="AO_563AEE_MEDIA_LINK_ENTITY" toColumn="ID"/>
    <foreignKey fromTable="AO_563AEE_ACTIVITY_ENTITY" fromColumn="OBJECT_ID" toTable="AO_563AEE_OBJECT_ENTITY" toColumn="ID"/>
    <foreignKey fromTable="AO_563AEE_ACTIVITY_ENTITY" fromColumn="TARGET_ID" toTable="AO_563AEE_TARGET_ENTITY" toColumn="ID"/>
  </table>
  <table name="AO_563AEE_ACTOR_ENTITY">
    <column name="FULL_NAME" primaryKey="false" autoIncrement="false" sqlType="12" precision="255"/>
    <column name="ID" primaryKey="true" autoIncrement="true" sqlType="4" precision="11"/>
    <column name="PROFILE_PAGE_URI" primaryKey="false" autoIncrement="false" sqlType="12" precision="767"/>
    <column name="PROFILE_PICTURE_URI" primaryKey="false" autoIncrement="false" sqlType="12" precision="767"/>
    <column name="USERNAME" primaryKey="false" autoIncrement="false" sqlType="12" precision="255"/>
  </table>
  <table name="AO_563AEE_MEDIA_LINK_ENTITY">
    <column name="DURATION" primaryKey="false" autoIncrement="false" sqlType="4" precision="11"/>
    <column name="HEIGHT" primaryKey="false" autoIncrement="false" sqlType="4" precision="11"/>
    <column name="ID" primaryKey="true" autoIncrement="true" sqlType="4" precision="11"/>
    <column name="URL" primaryKey="false" autoIncrement="false" sqlType="12" precision="767"/>
    <column name="WIDTH" primaryKey="false" autoIncrement="false" sqlType="4" precision="11"/>
  </table>
  <table name="AO_563AEE_OBJECT_ENTITY">
    <column name="CONTENT" primaryKey="false" autoIncrement="false" sqlType="12" precision="255"/>
    <column name="DISPLAY_NAME" primaryKey="false" autoIncrement="false" sqlType="12" precision="255"/>
    <column name="ID" primaryKey="true" autoIncrement="true" sqlType="4" precision="11"/>
    <column name="IMAGE_ID" primaryKey="false" autoIncrement="false" sqlType="4" precision="11"/>
    <column name="OBJECT_ID" primaryKey="false" autoIncrement="false" sqlType="12" precision="767"/>
    <column name="OBJECT_TYPE" primaryKey="false" autoIncrement="false" sqlType="12" precision="767"/>
    <column name="SUMMARY" primaryKey="false" autoIncrement="false" sqlType="12" precision="255"/>
    <column name="URL" primaryKey="false" autoIncrement="false" sqlType="12" precision="767"/>
    <foreignKey fromTable="AO_563AEE_OBJECT_ENTITY" fromColumn="IMAGE_ID" toTable="AO_563AEE_MEDIA_LINK_ENTITY" toColumn="ID"/>
  </table>
  <table name="AO_563AEE_TARGET_ENTITY">
    <column name="CONTENT" primaryKey="false" autoIncrement="false" sqlType="12" precision="255"/>
    <column name="DISPLAY_NAME" primaryKey="false" autoIncrement="false" sqlType="12" precision="255"/>
    <column name="ID" primaryKey="true" autoIncrement="true" sqlType="4" precision="11"/>
    <column name="IMAGE_ID" primaryKey="false" autoIncrement="false" sqlType="4" precision="11"/>
    <column name="OBJECT_ID" primaryKey="false" autoIncrement="false" sqlType="12" precision="767"/>
    <column name="OBJECT_TYPE" primaryKey="false" autoIncrement="false" sqlType="12" precision="767"/>
    <column name="SUMMARY" primaryKey="false" autoIncrement="false" sqlType="12" precision="255"/>
    <column name="URL" primaryKey="false" autoIncrement="false" sqlType="12" precision="767"/>
    <foreignKey fromTable="AO_563AEE_TARGET_ENTITY" fromColumn="IMAGE_ID" toTable="AO_563AEE_MEDIA_LINK_ENTITY" toColumn="ID"/>
  </table>
  <table name="AO_60DB71_AUDITENTRY">
    <column name="CATEGORY" primaryKey="false" autoIncrement="false" sqlType="12" precision="255"/>
    <column name="DATA" primaryKey="false" autoIncrement="false" sqlType="-1" precision="715827882"/>
    <column name="ENTITY_CLASS" primaryKey="false" autoIncrement="false" sqlType="12" precision="255"/>
    <column name="ENTITY_ID" primaryKey="false" autoIncrement="false" sqlType="-5" precision="20"/>
    <column name="ID" primaryKey="true" autoIncrement="true" sqlType="-5" precision="20"/>
    <column name="TIME" primaryKey="false" autoIncrement="false" sqlType="-5" precision="20"/>
    <column name="USER" primaryKey="false" autoIncrement="false" sqlType="12" precision="255"/>
  </table>
  <table name="AO_60DB71_BOARDADMINS">
    <column name="ID" primaryKey="true" autoIncrement="true" sqlType="-5" precision="20"/>
    <column name="KEY" primaryKey="false" autoIncrement="false" sqlType="12" precision="255"/>
    <column name="RAPID_VIEW_ID" primaryKey="false" autoIncrement="false" sqlType="-5" precision="20"/>
    <column name="TYPE" primaryKey="false" autoIncrement="false" sqlType="12" precision="255"/>
    <foreignKey fromTable="AO_60DB71_BOARDADMINS" fromColumn="RAPID_VIEW_ID" toTable="AO_60DB71_RAPIDVIEW" toColumn="ID"/>
  </table>
  <table name="AO_60DB71_CARDCOLOR">
    <column name="COLOR" primaryKey="false" autoIncrement="false" sqlType="12" precision="255"/>
    <column name="ID" primaryKey="true" autoIncrement="true" sqlType="-5" precision="20"/>
    <column name="POS" primaryKey="false" autoIncrement="false" sqlType="4" precision="11"/>
    <column name="RAPID_VIEW_ID" primaryKey="false" autoIncrement="false" sqlType="-5" precision="20"/>
    <column name="STRATEGY" primaryKey="false" autoIncrement="false" sqlType="12" precision="255"/>
    <column name="VAL" primaryKey="false" autoIncrement="false" sqlType="12" precision="255"/>
    <foreignKey fromTable="AO_60DB71_CARDCOLOR" fromColumn="RAPID_VIEW_ID" toTable="AO_60DB71_RAPIDVIEW" toColumn="ID"/>
  </table>
  <table name="AO_60DB71_CARDLAYOUT">
    <column name="FIELD_ID" primaryKey="false" autoIncrement="false" sqlType="12" precision="255"/>
    <column name="ID" primaryKey="true" autoIncrement="true" sqlType="-5" precision="20"/>
    <column name="MODE_NAME" primaryKey="false" autoIncrement="false" sqlType="12" precision="255"/>
    <column name="POS" primaryKey="false" autoIncrement="false" sqlType="4" precision="11"/>
    <column name="RAPID_VIEW_ID" primaryKey="false" autoIncrement="false" sqlType="-5" precision="20"/>
    <foreignKey fromTable="AO_60DB71_CARDLAYOUT" fromColumn="RAPID_VIEW_ID" toTable="AO_60DB71_RAPIDVIEW" toColumn="ID"/>
  </table>
  <table name="AO_60DB71_COLUMN">
    <column name="ID" primaryKey="true" autoIncrement="true" sqlType="-5" precision="20"/>
    <column name="MAXIM" primaryKey="false" autoIncrement="false" sqlType="8" precision="22" scale="31"/>
    <column name="MINIM" primaryKey="false" autoIncrement="false" sqlType="8" precision="22" scale="31"/>
    <column name="NAME" primaryKey="false" autoIncrement="false" sqlType="12" precision="255"/>
    <column name="POS" primaryKey="false" autoIncrement="false" sqlType="4" precision="11"/>
    <column name="RAPID_VIEW_ID" primaryKey="false" autoIncrement="false" sqlType="-5" precision="20"/>
    <foreignKey fromTable="AO_60DB71_COLUMN" fromColumn="RAPID_VIEW_ID" toTable="AO_60DB71_RAPIDVIEW" toColumn="ID"/>
  </table>
  <table name="AO_60DB71_COLUMNSTATUS">
    <column name="COLUMN_ID" primaryKey="false" autoIncrement="false" sqlType="-5" precision="20"/>
    <column name="ID" primaryKey="true" autoIncrement="true" sqlType="-5" precision="20"/>
    <column name="POS" primaryKey="false" autoIncrement="false" sqlType="4" precision="11"/>
    <column name="STATUS_ID" primaryKey="false" autoIncrement="false" sqlType="12" precision="255"/>
    <foreignKey fromTable="AO_60DB71_COLUMNSTATUS" fromColumn="COLUMN_ID" toTable="AO_60DB71_COLUMN" toColumn="ID"/>
  </table>
  <table name="AO_60DB71_DETAILVIEWFIELD">
    <column name="FIELD_ID" primaryKey="false" autoIncrement="false" sqlType="12" precision="255"/>
    <column name="ID" primaryKey="true" autoIncrement="true" sqlType="-5" precision="20"/>
    <column name="POS" primaryKey="false" autoIncrement="false" sqlType="4" precision="11"/>
    <column name="RAPID_VIEW_ID" primaryKey="false" autoIncrement="false" sqlType="-5" precision="20"/>
    <foreignKey fromTable="AO_60DB71_DETAILVIEWFIELD" fromColumn="RAPID_VIEW_ID" toTable="AO_60DB71_RAPIDVIEW" toColumn="ID"/>
  </table>
  <table name="AO_60DB71_ESTIMATESTATISTIC">
    <column name="FIELD_ID" primaryKey="false" autoIncrement="false" sqlType="12" precision="255"/>
    <column name="ID" primaryKey="true" autoIncrement="true" sqlType="-5" precision="20"/>
    <column name="RAPID_VIEW_ID" primaryKey="false" autoIncrement="false" sqlType="-5" precision="20"/>
    <column name="TYPE_ID" primaryKey="false" autoIncrement="false" sqlType="12" precision="255"/>
    <foreignKey fromTable="AO_60DB71_ESTIMATESTATISTIC" fromColumn="RAPID_VIEW_ID" toTable="AO_60DB71_RAPIDVIEW" toColumn="ID"/>
  </table>
  <table name="AO_60DB71_ISSUERANKING">
    <column name="CUSTOM_FIELD_ID" primaryKey="false" autoIncrement="false" sqlType="-5" precision="20"/>
    <column name="ID" primaryKey="true" autoIncrement="true" sqlType="-5" precision="20"/>
    <column name="ISSUE_ID" primaryKey="false" autoIncrement="false" sqlType="-5" precision="20"/>
    <column name="NEXT_ID" primaryKey="false" autoIncrement="false" sqlType="-5" precision="20"/>
  </table>
  <table name="AO_60DB71_ISSUERANKINGLOG">
    <column name="CUSTOM_FIELD_ID" primaryKey="false" autoIncrement="false" sqlType="-5" precision="20"/>
    <column name="ID" primaryKey="true" autoIncrement="true" sqlType="-5" precision="20"/>
    <column name="ISSUE_ID" primaryKey="false" autoIncrement="false" sqlType="-5" precision="20"/>
    <column name="LOG_TYPE" primaryKey="false" autoIncrement="false" sqlType="12" precision="255"/>
    <column name="NEW_NEXT_ID" primaryKey="false" autoIncrement="false" sqlType="-5" precision="20"/>
    <column name="NEW_PREVIOUS_ID" primaryKey="false" autoIncrement="false" sqlType="-5" precision="20"/>
    <column name="OLD_NEXT_ID" primaryKey="false" autoIncrement="false" sqlType="-5" precision="20"/>
    <column name="OLD_PREVIOUS_ID" primaryKey="false" autoIncrement="false" sqlType="-5" precision="20"/>
    <column name="SANITY_CHECKED" primaryKey="false" autoIncrement="false" sqlType="12" precision="255"/>
  </table>
  <table name="AO_60DB71_LEXORANK">
    <column name="FIELD_ID" primaryKey="false" autoIncrement="false" sqlType="-5" precision="20"/>
    <column name="ID" primaryKey="true" autoIncrement="true" sqlType="-5" precision="20"/>
    <column name="ISSUE_ID" primaryKey="false" autoIncrement="false" sqlType="-5" precision="20"/>
    <column name="LOCK_HASH" primaryKey="false" autoIncrement="false" sqlType="12" precision="255"/>
    <column name="LOCK_TIME" primaryKey="false" autoIncrement="false" sqlType="-5" precision="20"/>
    <column name="RANK" primaryKey="false" autoIncrement="false" sqlType="12" precision="255"/>
    <column name="TYPE" primaryKey="false" autoIncrement="false" sqlType="4" precision="11"/>
  </table>
  <table name="AO_60DB71_LEXORANKBALANCER">
    <column name="DISABLE_RANK_OPERATIONS" primaryKey="false" autoIncrement="false" sqlType="-7" precision="1"/>
    <column name="FIELD_ID" primaryKey="false" autoIncrement="false" sqlType="-5" precision="20"/>
    <column name="ID" primaryKey="true" autoIncrement="true" sqlType="-5" precision="20"/>
    <column name="REBALANCE_TIME" primaryKey="false" autoIncrement="false" sqlType="-5" precision="20"/>
  </table>
  <table name="AO_60DB71_NONWORKINGDAY">
    <column name="ID" primaryKey="true" autoIncrement="true" sqlType="-5" precision="20"/>
    <column name="ISO8601_DATE" primaryKey="false" autoIncrement="false" sqlType="12" precision="255"/>
    <column name="WORKING_DAYS_ID" primaryKey="false" autoIncrement="false" sqlType="-5" precision="20"/>
    <foreignKey fromTable="AO_60DB71_NONWORKINGDAY" fromColumn="WORKING_DAYS_ID" toTable="AO_60DB71_WORKINGDAYS" toColumn="ID"/>
  </table>
  <table name="AO_60DB71_QUICKFILTER">
    <column name="DESCRIPTION" primaryKey="false" autoIncrement="false" sqlType="12" precision="255"/>
    <column name="ID" primaryKey="true" autoIncrement="true" sqlType="-5" precision="20"/>
    <column name="NAME" primaryKey="false" autoIncrement="false" sqlType="12" precision="255"/>
    <column name="POS" primaryKey="false" autoIncrement="false" sqlType="4" precision="11"/>
    <column name="QUERY" primaryKey="false" autoIncrement="false" sqlType="12" precision="255"/>
    <column name="RAPID_VIEW_ID" primaryKey="false" autoIncrement="false" sqlType="-5" precision="20"/>
    <foreignKey fromTable="AO_60DB71_QUICKFILTER" fromColumn="RAPID_VIEW_ID" toTable="AO_60DB71_RAPIDVIEW" toColumn="ID"/>
  </table>
  <table name="AO_60DB71_RANKABLEOBJECT">
    <column name="ID" primaryKey="true" autoIncrement="true" sqlType="-5" precision="20"/>
    <column name="TYPE" primaryKey="false" autoIncrement="false" sqlType="12" precision="255"/>
  </table>
  <table name="AO_60DB71_RANK_ISSUE_LINK">
    <column name="ISSUE_ID" primaryKey="true" autoIncrement="false" sqlType="-5" precision="20"/>
    <column name="NEXT_ID" primaryKey="false" autoIncrement="false" sqlType="-5" precision="20"/>
  </table>
  <table name="AO_60DB71_RAPIDVIEW">
    <column name="CARD_COLOR_STRATEGY" primaryKey="false" autoIncrement="false" sqlType="12" precision="255"/>
    <column name="ID" primaryKey="true" autoIncrement="true" sqlType="-5" precision="20"/>
    <column name="NAME" primaryKey="false" autoIncrement="false" sqlType="12" precision="255"/>
    <column name="OWNER_USER_NAME" primaryKey="false" autoIncrement="false" sqlType="12" precision="255"/>
    <column name="SAVED_FILTER_ID" primaryKey="false" autoIncrement="false" sqlType="-5" precision="20"/>
    <column name="SHOW_DAYS_IN_COLUMN" primaryKey="false" autoIncrement="false" sqlType="-7" precision="1"/>
    <column name="SPRINTS_ENABLED" primaryKey="false" autoIncrement="false" sqlType="-7" precision="1"/>
    <column name="SPRINT_MARKERS_MIGRATED" primaryKey="false" autoIncrement="false" sqlType="-7" precision="1"/>
    <column name="SWIMLANE_STRATEGY" primaryKey="false" autoIncrement="false" sqlType="12" precision="255"/>
  </table>
  <table name="AO_60DB71_SPRINT">
    <column name="CLOSED" primaryKey="false" autoIncrement="false" sqlType="-7" precision="1"/>
    <column name="COMPLETE_DATE" primaryKey="false" autoIncrement="false" sqlType="-5" precision="20"/>
    <column name="END_DATE" primaryKey="false" autoIncrement="false" sqlType="-5" precision="20"/>
    <column name="ID" primaryKey="true" autoIncrement="true" sqlType="-5" precision="20"/>
    <column name="NAME" primaryKey="false" autoIncrement="false" sqlType="12" precision="255"/>
    <column name="RAPID_VIEW_ID" primaryKey="false" autoIncrement="false" sqlType="-5" precision="20"/>
    <column name="SEQUENCE" primaryKey="false" autoIncrement="false" sqlType="-5" precision="20"/>
    <column name="STARTED" primaryKey="false" autoIncrement="false" sqlType="-7" precision="1"/>
    <column name="START_DATE" primaryKey="false" autoIncrement="false" sqlType="-5" precision="20"/>
  </table>
  <table name="AO_60DB71_SPRINTMARKER">
    <column name="ID" primaryKey="true" autoIncrement="false" sqlType="-5" precision="20"/>
    <column name="MARKER_CONTEXT" primaryKey="false" autoIncrement="false" sqlType="-5" precision="20"/>
    <column name="NAME" primaryKey="false" autoIncrement="false" sqlType="12" precision="255"/>
  </table>
  <table name="AO_60DB71_STATSFIELD">
    <column name="ID" primaryKey="true" autoIncrement="true" sqlType="-5" precision="20"/>
    <column name="RAPID_VIEW_ID" primaryKey="false" autoIncrement="false" sqlType="-5" precision="20"/>
    <column name="TYPE_ID" primaryKey="false" autoIncrement="false" sqlType="12" precision="255"/>
    <foreignKey fromTable="AO_60DB71_STATSFIELD" fromColumn="RAPID_VIEW_ID" toTable="AO_60DB71_RAPIDVIEW" toColumn="ID"/>
  </table>
  <table name="AO_60DB71_SUBQUERY">
    <column name="ID" primaryKey="true" autoIncrement="true" sqlType="-5" precision="20"/>
    <column name="QUERY" primaryKey="false" autoIncrement="false" sqlType="12" precision="255"/>
    <column name="RAPID_VIEW_ID" primaryKey="false" autoIncrement="false" sqlType="-5" precision="20"/>
    <column name="SECTION" primaryKey="false" autoIncrement="false" sqlType="12" precision="255"/>
    <foreignKey fromTable="AO_60DB71_SUBQUERY" fromColumn="RAPID_VIEW_ID" toTable="AO_60DB71_RAPIDVIEW" toColumn="ID"/>
  </table>
  <table name="AO_60DB71_SWIMLANE">
    <column name="DEFAULT_LANE" primaryKey="false" autoIncrement="false" sqlType="-7" precision="1"/>
    <column name="DESCRIPTION" primaryKey="false" autoIncrement="false" sqlType="12" precision="255"/>
    <column name="ID" primaryKey="true" autoIncrement="true" sqlType="-5" precision="20"/>
    <column name="NAME" primaryKey="false" autoIncrement="false" sqlType="12" precision="255"/>
    <column name="POS" primaryKey="false" autoIncrement="false" sqlType="4" precision="11"/>
    <column name="QUERY" primaryKey="false" autoIncrement="false" sqlType="12" precision="255"/>
    <column name="RAPID_VIEW_ID" primaryKey="false" autoIncrement="false" sqlType="-5" precision="20"/>
    <foreignKey fromTable="AO_60DB71_SWIMLANE" fromColumn="RAPID_VIEW_ID" toTable="AO_60DB71_RAPIDVIEW" toColumn="ID"/>
  </table>
  <table name="AO_60DB71_TRACKINGSTATISTIC">
    <column name="FIELD_ID" primaryKey="false" autoIncrement="false" sqlType="12" precision="255"/>
    <column name="ID" primaryKey="true" autoIncrement="true" sqlType="-5" precision="20"/>
    <column name="RAPID_VIEW_ID" primaryKey="false" autoIncrement="false" sqlType="-5" precision="20"/>
    <column name="TYPE_ID" primaryKey="false" autoIncrement="false" sqlType="12" precision="255"/>
    <foreignKey fromTable="AO_60DB71_TRACKINGSTATISTIC" fromColumn="RAPID_VIEW_ID" toTable="AO_60DB71_RAPIDVIEW" toColumn="ID"/>
  </table>
  <table name="AO_60DB71_VERSION">
    <column name="ID" primaryKey="true" autoIncrement="true" sqlType="-5" precision="20"/>
    <column name="START_DATE" primaryKey="false" autoIncrement="false" sqlType="-5" precision="20"/>
    <column name="VERSION_ID" primaryKey="false" autoIncrement="false" sqlType="-5" precision="20"/>
  </table>
  <table name="AO_60DB71_WORKINGDAYS">
    <column name="FRIDAY" primaryKey="false" autoIncrement="false" sqlType="-7" precision="1"/>
    <column name="ID" primaryKey="true" autoIncrement="true" sqlType="-5" precision="20"/>
    <column name="MONDAY" primaryKey="false" autoIncrement="false" sqlType="-7" precision="1"/>
    <column name="RAPID_VIEW_ID" primaryKey="false" autoIncrement="false" sqlType="-5" precision="20"/>
    <column name="SATURDAY" primaryKey="false" autoIncrement="false" sqlType="-7" precision="1"/>
    <column name="SUNDAY" primaryKey="false" autoIncrement="false" sqlType="-7" precision="1"/>
    <column name="THURSDAY" primaryKey="false" autoIncrement="false" sqlType="-7" precision="1"/>
    <column name="TIMEZONE" primaryKey="false" autoIncrement="false" sqlType="12" precision="255"/>
    <column name="TUESDAY" primaryKey="false" autoIncrement="false" sqlType="-7" precision="1"/>
    <column name="WEDNESDAY" primaryKey="false" autoIncrement="false" sqlType="-7" precision="1"/>
    <foreignKey fromTable="AO_60DB71_WORKINGDAYS" fromColumn="RAPID_VIEW_ID" toTable="AO_60DB71_RAPIDVIEW" toColumn="ID"/>
  </table>
  <table name="AO_A44657_HEALTH_CHECK_ENTITY">
    <column name="ID" primaryKey="true" autoIncrement="true" sqlType="4" precision="11"/>
  </table>
  <table name="AO_B9A0F0_APPLIED_TEMPLATE">
    <column name="ID" primaryKey="true" autoIncrement="true" sqlType="4" precision="11"/>
    <column name="PROJECT_ID" primaryKey="false" autoIncrement="false" sqlType="-5" precision="20"/>
    <column name="PROJECT_TEMPLATE_MODULE_KEY" primaryKey="false" autoIncrement="false" sqlType="12" precision="255"/>
    <column name="PROJECT_TEMPLATE_WEB_ITEM_KEY" primaryKey="false" autoIncrement="false" sqlType="12" precision="255"/>
  </table>
  <table name="AO_E8B6CC_BRANCH">
    <column name="ID" primaryKey="true" autoIncrement="true" sqlType="4" precision="11"/>
    <column name="NAME" primaryKey="false" autoIncrement="false" sqlType="12" precision="255"/>
    <column name="REPOSITORY_ID" primaryKey="false" autoIncrement="false" sqlType="4" precision="11"/>
    <foreignKey fromTable="AO_E8B6CC_BRANCH" fromColumn="REPOSITORY_ID" toTable="AO_E8B6CC_REPOSITORY_MAPPING" toColumn="ID"/>
  </table>
  <table name="AO_E8B6CC_BRANCH_HEAD_MAPPING">
    <column name="BRANCH_NAME" primaryKey="false" autoIncrement="false" sqlType="12" precision="255"/>
    <column name="HEAD" primaryKey="false" autoIncrement="false" sqlType="12" precision="255"/>
    <column name="ID" primaryKey="true" autoIncrement="true" sqlType="4" precision="11"/>
    <column name="REPOSITORY_ID" primaryKey="false" autoIncrement="false" sqlType="4" precision="11"/>
    <foreignKey fromTable="AO_E8B6CC_BRANCH_HEAD_MAPPING" fromColumn="REPOSITORY_ID" toTable="AO_E8B6CC_REPOSITORY_MAPPING" toColumn="ID"/>
  </table>
  <table name="AO_E8B6CC_CHANGESET_MAPPING">
    <column name="AUTHOR" primaryKey="false" autoIncrement="false" sqlType="12" precision="255"/>
    <column name="AUTHOR_EMAIL" primaryKey="false" autoIncrement="false" sqlType="12" precision="255"/>
    <column name="BRANCH" primaryKey="false" autoIncrement="false" sqlType="12" precision="255"/>
    <column name="DATE" primaryKey="false" autoIncrement="false" sqlType="93" precision="19"/>
    <column name="FILES_DATA" primaryKey="false" autoIncrement="false" sqlType="-1" precision="715827882"/>
    <column name="FILE_COUNT" primaryKey="false" autoIncrement="false" sqlType="4" precision="11"/>
    <column name="FILE_DETAILS_JSON" primaryKey="false" autoIncrement="false" sqlType="-1" precision="715827882"/>
    <column name="ID" primaryKey="true" autoIncrement="true" sqlType="4" precision="11"/>
    <column name="ISSUE_KEY" primaryKey="false" autoIncrement="false" sqlType="12" precision="255"/>
    <column name="MESSAGE" primaryKey="false" autoIncrement="false" sqlType="-1" precision="715827882"/>
    <column name="NODE" primaryKey="false" autoIncrement="false" sqlType="12" precision="255"/>
    <column name="PARENTS_DATA" primaryKey="false" autoIncrement="false" sqlType="12" precision="255"/>
    <column name="PROJECT_KEY" primaryKey="false" autoIncrement="false" sqlType="12" precision="255"/>
    <column name="RAW_AUTHOR" primaryKey="false" autoIncrement="false" sqlType="12" precision="255"/>
    <column name="RAW_NODE" primaryKey="false" autoIncrement="false" sqlType="12" precision="255"/>
    <column name="REPOSITORY_ID" primaryKey="false" autoIncrement="false" sqlType="4" precision="11"/>
    <column name="SMARTCOMMIT_AVAILABLE" primaryKey="false" autoIncrement="false" sqlType="-7" precision="1"/>
    <column name="VERSION" primaryKey="false" autoIncrement="false" sqlType="4" precision="11"/>
  </table>
  <table name="AO_E8B6CC_COMMIT">
    <column name="AUTHOR" primaryKey="false" autoIncrement="false" sqlType="12" precision="255"/>
    <column name="AUTHOR_AVATAR_URL" primaryKey="false" autoIncrement="false" sqlType="12" precision="255"/>
    <column name="DATE" primaryKey="false" autoIncrement="false" sqlType="93" precision="19"/>
    <column name="DOMAIN_ID" primaryKey="false" autoIncrement="false" sqlType="4" precision="11"/>
    <column name="ID" primaryKey="true" autoIncrement="true" sqlType="4" precision="11"/>
    <column name="MERGE" primaryKey="false" autoIncrement="false" sqlType="-7" precision="1"/>
    <column name="MESSAGE" primaryKey="false" autoIncrement="false" sqlType="-1" precision="715827882"/>
    <column name="NODE" primaryKey="false" autoIncrement="false" sqlType="12" precision="255"/>
    <column name="RAW_AUTHOR" primaryKey="false" autoIncrement="false" sqlType="12" precision="255"/>
  </table>
  <table name="AO_E8B6CC_GIT_HUB_EVENT">
    <column name="CREATED_AT" primaryKey="false" autoIncrement="false" sqlType="93" precision="19"/>
    <column name="GIT_HUB_ID" primaryKey="false" autoIncrement="false" sqlType="12" precision="255"/>
    <column name="ID" primaryKey="true" autoIncrement="true" sqlType="4" precision="11"/>
    <column name="REPOSITORY_ID" primaryKey="false" autoIncrement="false" sqlType="4" precision="11"/>
    <column name="SAVE_POINT" primaryKey="false" autoIncrement="false" sqlType="-7" precision="1"/>
    <foreignKey fromTable="AO_E8B6CC_GIT_HUB_EVENT" fromColumn="REPOSITORY_ID" toTable="AO_E8B6CC_REPOSITORY_MAPPING" toColumn="ID"/>
  </table>
  <table name="AO_E8B6CC_ISSUE_MAPPING">
    <column name="ID" primaryKey="true" autoIncrement="true" sqlType="4" precision="11"/>
    <column name="ISSUE_ID" primaryKey="false" autoIncrement="false" sqlType="12" precision="255"/>
    <column name="NODE" primaryKey="false" autoIncrement="false" sqlType="12" precision="255"/>
    <column name="PROJECT_KEY" primaryKey="false" autoIncrement="false" sqlType="12" precision="255"/>
    <column name="REPOSITORY_URI" primaryKey="false" autoIncrement="false" sqlType="12" precision="255"/>
  </table>
  <table name="AO_E8B6CC_ISSUE_MAPPING_V2">
    <column name="AUTHOR" primaryKey="false" autoIncrement="false" sqlType="12" precision="255"/>
    <column name="BRANCH" primaryKey="false" autoIncrement="false" sqlType="12" precision="255"/>
    <column name="DATE" primaryKey="false" autoIncrement="false" sqlType="93" precision="19"/>
    <column name="FILES_DATA" primaryKey="false" autoIncrement="false" sqlType="-1" precision="715827882"/>
    <column name="ID" primaryKey="true" autoIncrement="true" sqlType="4" precision="11"/>
    <column name="ISSUE_ID" primaryKey="false" autoIncrement="false" sqlType="12" precision="255"/>
    <column name="MESSAGE" primaryKey="false" autoIncrement="false" sqlType="-1" precision="715827882"/>
    <column name="NODE" primaryKey="false" autoIncrement="false" sqlType="12" precision="255"/>
    <column name="PARENTS_DATA" primaryKey="false" autoIncrement="false" sqlType="12" precision="255"/>
    <column name="RAW_AUTHOR" primaryKey="false" autoIncrement="false" sqlType="12" precision="255"/>
    <column name="RAW_NODE" primaryKey="false" autoIncrement="false" sqlType="12" precision="255"/>
    <column name="REPOSITORY_ID" primaryKey="false" autoIncrement="false" sqlType="4" precision="11"/>
    <column name="VERSION" primaryKey="false" autoIncrement="false" sqlType="4" precision="11"/>
  </table>
  <table name="AO_E8B6CC_ISSUE_TO_BRANCH">
    <column name="BRANCH_ID" primaryKey="false" autoIncrement="false" sqlType="4" precision="11"/>
    <column name="ID" primaryKey="true" autoIncrement="true" sqlType="4" precision="11"/>
    <column name="ISSUE_KEY" primaryKey="false" autoIncrement="false" sqlType="12" precision="255"/>
    <foreignKey fromTable="AO_E8B6CC_ISSUE_TO_BRANCH" fromColumn="BRANCH_ID" toTable="AO_E8B6CC_BRANCH" toColumn="ID"/>
  </table>
  <table name="AO_E8B6CC_ISSUE_TO_CHANGESET">
    <column name="CHANGESET_ID" primaryKey="false" autoIncrement="false" sqlType="4" precision="11"/>
    <column name="ID" primaryKey="true" autoIncrement="true" sqlType="4" precision="11"/>
    <column name="ISSUE_KEY" primaryKey="false" autoIncrement="false" sqlType="12" precision="255"/>
    <column name="PROJECT_KEY" primaryKey="false" autoIncrement="false" sqlType="12" precision="255"/>
    <foreignKey fromTable="AO_E8B6CC_ISSUE_TO_CHANGESET" fromColumn="CHANGESET_ID" toTable="AO_E8B6CC_CHANGESET_MAPPING" toColumn="ID"/>
  </table>
  <table name="AO_E8B6CC_MESSAGE">
    <column name="ADDRESS" primaryKey="false" autoIncrement="false" sqlType="12" precision="255"/>
    <column name="ID" primaryKey="true" autoIncrement="true" sqlType="4" precision="11"/>
    <column name="PAYLOAD" primaryKey="false" autoIncrement="false" sqlType="-1" precision="715827882"/>
    <column name="PAYLOAD_TYPE" primaryKey="false" autoIncrement="false" sqlType="12" precision="255"/>
    <column name="PRIORITY" primaryKey="false" autoIncrement="false" sqlType="4" precision="11"/>
  </table>
  <table name="AO_E8B6CC_MESSAGE_QUEUE_ITEM">
    <column name="ID" primaryKey="true" autoIncrement="true" sqlType="4" precision="11"/>
    <column name="LAST_FAILED" primaryKey="false" autoIncrement="false" sqlType="93" precision="19"/>
    <column name="MESSAGE_ID" primaryKey="false" autoIncrement="false" sqlType="4" precision="11"/>
    <column name="QUEUE" primaryKey="false" autoIncrement="false" sqlType="12" precision="255"/>
    <column name="RETRIES_COUNT" primaryKey="false" autoIncrement="false" sqlType="4" precision="11"/>
    <column name="STATE" primaryKey="false" autoIncrement="false" sqlType="12" precision="255"/>
    <column name="STATE_INFO" primaryKey="false" autoIncrement="false" sqlType="12" precision="255"/>
    <foreignKey fromTable="AO_E8B6CC_MESSAGE_QUEUE_ITEM" fromColumn="MESSAGE_ID" toTable="AO_E8B6CC_MESSAGE" toColumn="ID"/>
  </table>
  <table name="AO_E8B6CC_MESSAGE_TAG">
    <column name="ID" primaryKey="true" autoIncrement="true" sqlType="4" precision="11"/>
    <column name="MESSAGE_ID" primaryKey="false" autoIncrement="false" sqlType="4" precision="11"/>
    <column name="TAG" primaryKey="false" autoIncrement="false" sqlType="12" precision="255"/>
    <foreignKey fromTable="AO_E8B6CC_MESSAGE_TAG" fromColumn="MESSAGE_ID" toTable="AO_E8B6CC_MESSAGE" toColumn="ID"/>
  </table>
  <table name="AO_E8B6CC_ORGANIZATION_MAPPING">
    <column name="ACCESS_TOKEN" primaryKey="false" autoIncrement="false" sqlType="12" precision="255"/>
    <column name="ADMIN_PASSWORD" primaryKey="false" autoIncrement="false" sqlType="12" precision="255"/>
    <column name="ADMIN_USERNAME" primaryKey="false" autoIncrement="false" sqlType="12" precision="255"/>
    <column name="AUTOLINK_NEW_REPOS" primaryKey="false" autoIncrement="false" sqlType="-7" precision="1"/>
    <column name="DEFAULT_GROUPS_SLUGS" primaryKey="false" autoIncrement="false" sqlType="12" precision="255"/>
    <column name="DVCS_TYPE" primaryKey="false" autoIncrement="false" sqlType="12" precision="255"/>
    <column name="HOST_URL" primaryKey="false" autoIncrement="false" sqlType="12" precision="255"/>
    <column name="ID" primaryKey="true" autoIncrement="true" sqlType="4" precision="11"/>
    <column name="NAME" primaryKey="false" autoIncrement="false" sqlType="12" precision="255"/>
    <column name="OAUTH_KEY" primaryKey="false" autoIncrement="false" sqlType="12" precision="255"/>
    <column name="OAUTH_SECRET" primaryKey="false" autoIncrement="false" sqlType="12" precision="255"/>
    <column name="SMARTCOMMITS_FOR_NEW_REPOS" primaryKey="false" autoIncrement="false" sqlType="-7" precision="1"/>
  </table>
  <table name="AO_E8B6CC_PROJECT_MAPPING">
    <column name="ID" primaryKey="true" autoIncrement="true" sqlType="4" precision="11"/>
    <column name="PASSWORD" primaryKey="false" autoIncrement="false" sqlType="12" precision="255"/>
    <column name="PROJECT_KEY" primaryKey="false" autoIncrement="false" sqlType="12" precision="255"/>
    <column name="REPOSITORY_URI" primaryKey="false" autoIncrement="false" sqlType="12" precision="255"/>
    <column name="USERNAME" primaryKey="false" autoIncrement="false" sqlType="12" precision="255"/>
  </table>
  <table name="AO_E8B6CC_PROJECT_MAPPING_V2">
    <column name="ACCESS_TOKEN" primaryKey="false" autoIncrement="false" sqlType="12" precision="255"/>
    <column name="ADMIN_PASSWORD" primaryKey="false" autoIncrement="false" sqlType="12" precision="255"/>
    <column name="ADMIN_USERNAME" primaryKey="false" autoIncrement="false" sqlType="12" precision="255"/>
    <column name="ID" primaryKey="true" autoIncrement="true" sqlType="4" precision="11"/>
    <column name="LAST_COMMIT_DATE" primaryKey="false" autoIncrement="false" sqlType="93" precision="19"/>
    <column name="PROJECT_KEY" primaryKey="false" autoIncrement="false" sqlType="12" precision="255"/>
    <column name="REPOSITORY_NAME" primaryKey="false" autoIncrement="false" sqlType="12" precision="255"/>
    <column name="REPOSITORY_TYPE" primaryKey="false" autoIncrement="false" sqlType="12" precision="255"/>
    <column name="REPOSITORY_URL" primaryKey="false" autoIncrement="false" sqlType="12" precision="255"/>
  </table>
  <table name="AO_E8B6CC_PR_ISSUE_KEY">
    <column name="DOMAIN_ID" primaryKey="false" autoIncrement="false" sqlType="4" precision="11"/>
    <column name="ID" primaryKey="true" autoIncrement="true" sqlType="4" precision="11"/>
    <column name="ISSUE_KEY" primaryKey="false" autoIncrement="false" sqlType="12" precision="255"/>
    <column name="PULL_REQUEST_ID" primaryKey="false" autoIncrement="false" sqlType="4" precision="11"/>
  </table>
  <table name="AO_E8B6CC_PR_PARTICIPANT">
    <column name="APPROVED" primaryKey="false" autoIncrement="false" sqlType="-7" precision="1"/>
    <column name="DOMAIN_ID" primaryKey="false" autoIncrement="false" sqlType="4" precision="11"/>
    <column name="ID" primaryKey="true" autoIncrement="true" sqlType="4" precision="11"/>
    <column name="PULL_REQUEST_ID" primaryKey="false" autoIncrement="false" sqlType="4" precision="11"/>
    <column name="ROLE" primaryKey="false" autoIncrement="false" sqlType="12" precision="255"/>
    <column name="USERNAME" primaryKey="false" autoIncrement="false" sqlType="12" precision="255"/>
    <foreignKey fromTable="AO_E8B6CC_PR_PARTICIPANT" fromColumn="PULL_REQUEST_ID" toTable="AO_E8B6CC_PULL_REQUEST" toColumn="ID"/>
  </table>
  <table name="AO_E8B6CC_PR_TO_COMMIT">
    <column name="COMMIT_ID" primaryKey="false" autoIncrement="false" sqlType="4" precision="11"/>
    <column name="DOMAIN_ID" primaryKey="false" autoIncrement="false" sqlType="4" precision="11"/>
    <column name="ID" primaryKey="true" autoIncrement="true" sqlType="4" precision="11"/>
    <column name="REQUEST_ID" primaryKey="false" autoIncrement="false" sqlType="4" precision="11"/>
    <foreignKey fromTable="AO_E8B6CC_PR_TO_COMMIT" fromColumn="COMMIT_ID" toTable="AO_E8B6CC_COMMIT" toColumn="ID"/>
    <foreignKey fromTable="AO_E8B6CC_PR_TO_COMMIT" fromColumn="REQUEST_ID" toTable="AO_E8B6CC_PULL_REQUEST" toColumn="ID"/>
  </table>
  <table name="AO_E8B6CC_PULL_REQUEST">
    <column name="AUTHOR" primaryKey="false" autoIncrement="false" sqlType="12" precision="255"/>
    <column name="COMMENT_COUNT" primaryKey="false" autoIncrement="false" sqlType="4" precision="11"/>
    <column name="CREATED_ON" primaryKey="false" autoIncrement="false" sqlType="93" precision="19"/>
    <column name="DESTINATION_BRANCH" primaryKey="false" autoIncrement="false" sqlType="12" precision="255"/>
    <column name="DOMAIN_ID" primaryKey="false" autoIncrement="false" sqlType="4" precision="11"/>
    <column name="EXECUTED_BY" primaryKey="false" autoIncrement="false" sqlType="12" precision="255"/>
    <column name="ID" primaryKey="true" autoIncrement="true" sqlType="4" precision="11"/>
    <column name="LAST_STATUS" primaryKey="false" autoIncrement="false" sqlType="12" precision="255"/>
    <column name="NAME" primaryKey="false" autoIncrement="false" sqlType="12" precision="255"/>
    <column name="REMOTE_ID" primaryKey="false" autoIncrement="false" sqlType="-5" precision="20"/>
    <column name="SOURCE_BRANCH" primaryKey="false" autoIncrement="false" sqlType="12" precision="255"/>
    <column name="SOURCE_REPO" primaryKey="false" autoIncrement="false" sqlType="12" precision="255"/>
    <column name="TO_REPOSITORY_ID" primaryKey="false" autoIncrement="false" sqlType="4" precision="11"/>
    <column name="UPDATED_ON" primaryKey="false" autoIncrement="false" sqlType="93" precision="19"/>
    <column name="URL" primaryKey="false" autoIncrement="false" sqlType="12" precision="255"/>
  </table>
  <table name="AO_E8B6CC_REPOSITORY_MAPPING">
    <column name="ACTIVITY_LAST_SYNC" primaryKey="false" autoIncrement="false" sqlType="93" precision="19"/>
    <column name="DELETED" primaryKey="false" autoIncrement="false" sqlType="-7" precision="1"/>
    <column name="FORK" primaryKey="false" autoIncrement="false" sqlType="-7" precision="1"/>
    <column name="FORK_OF_NAME" primaryKey="false" autoIncrement="false" sqlType="12" precision="255"/>
    <column name="FORK_OF_OWNER" primaryKey="false" autoIncrement="false" sqlType="12" precision="255"/>
    <column name="FORK_OF_SLUG" primaryKey="false" autoIncrement="false" sqlType="12" precision="255"/>
    <column name="ID" primaryKey="true" autoIncrement="true" sqlType="4" precision="11"/>
    <column name="LAST_CHANGESET_NODE" primaryKey="false" autoIncrement="false" sqlType="12" precision="255"/>
    <column name="LAST_COMMIT_DATE" primaryKey="false" autoIncrement="false" sqlType="93" precision="19"/>
    <column name="LINKED" primaryKey="false" autoIncrement="false" sqlType="-7" precision="1"/>
    <column name="LOGO" primaryKey="false" autoIncrement="false" sqlType="-1" precision="715827882"/>
    <column name="NAME" primaryKey="false" autoIncrement="false" sqlType="12" precision="255"/>
    <column name="ORGANIZATION_ID" primaryKey="false" autoIncrement="false" sqlType="4" precision="11"/>
    <column name="SLUG" primaryKey="false" autoIncrement="false" sqlType="12" precision="255"/>
    <column name="SMARTCOMMITS_ENABLED" primaryKey="false" autoIncrement="false" sqlType="-7" precision="1"/>
  </table>
  <table name="AO_E8B6CC_REPO_TO_CHANGESET">
    <column name="CHANGESET_ID" primaryKey="false" autoIncrement="false" sqlType="4" precision="11"/>
    <column name="ID" primaryKey="true" autoIncrement="true" sqlType="4" precision="11"/>
    <column name="REPOSITORY_ID" primaryKey="false" autoIncrement="false" sqlType="4" precision="11"/>
    <foreignKey fromTable="AO_E8B6CC_REPO_TO_CHANGESET" fromColumn="CHANGESET_ID" toTable="AO_E8B6CC_CHANGESET_MAPPING" toColumn="ID"/>
    <foreignKey fromTable="AO_E8B6CC_REPO_TO_CHANGESET" fromColumn="REPOSITORY_ID" toTable="AO_E8B6CC_REPOSITORY_MAPPING" toColumn="ID"/>
  </table>
  <table name="AO_E8B6CC_SYNC_AUDIT_LOG">
    <column name="END_DATE" primaryKey="false" autoIncrement="false" sqlType="93" precision="19"/>
    <column name="EXC_TRACE" primaryKey="false" autoIncrement="false" sqlType="-1" precision="715827882"/>
    <column name="FIRST_REQUEST_DATE" primaryKey="false" autoIncrement="false" sqlType="93" precision="19"/>
    <column name="FLIGHT_TIME_MS" primaryKey="false" autoIncrement="false" sqlType="4" precision="11"/>
    <column name="ID" primaryKey="true" autoIncrement="true" sqlType="4" precision="11"/>
    <column name="NUM_REQUESTS" primaryKey="false" autoIncrement="false" sqlType="4" precision="11"/>
    <column name="REPO_ID" primaryKey="false" autoIncrement="false" sqlType="4" precision="11"/>
    <column name="START_DATE" primaryKey="false" autoIncrement="false" sqlType="93" precision="19"/>
    <column name="SYNC_STATUS" primaryKey="false" autoIncrement="false" sqlType="12" precision="255"/>
    <column name="SYNC_TYPE" primaryKey="false" autoIncrement="false" sqlType="12" precision="255"/>
    <column name="TOTAL_ERRORS" primaryKey="false" autoIncrement="false" sqlType="4" precision="11"/>
  </table>
  <table name="AO_E8B6CC_SYNC_EVENT">
    <column name="EVENT_CLASS" primaryKey="false" autoIncrement="false" sqlType="-1" precision="715827882"/>
    <column name="EVENT_DATE" primaryKey="false" autoIncrement="false" sqlType="93" precision="19"/>
    <column name="EVENT_JSON" primaryKey="false" autoIncrement="false" sqlType="-1" precision="715827882"/>
    <column name="ID" primaryKey="true" autoIncrement="true" sqlType="4" precision="11"/>
    <column name="REPO_ID" primaryKey="false" autoIncrement="false" sqlType="4" precision="11"/>
    <column name="SCHEDULED_SYNC" primaryKey="false" autoIncrement="false" sqlType="-7" precision="1"/>
  </table>
  <data tableName="AO_21D670_WHITELIST_RULES">
    <column name="ALLOWINBOUND"/>
    <column name="EXPRESSION"/>
    <column name="ID"/>
    <column name="TYPE"/>
    <row>
      <boolean>false</boolean>
      <string>http://www.atlassian.com/*</string>
      <integer>1</integer>
      <string>WILDCARD_EXPRESSION</string>
    </row>
  </data>
  <data tableName="AO_4AEACD_WEBHOOK_DAO">
    <column name="ENABLED"/>
    <column name="ENCODED_EVENTS"/>
    <column name="FILTER"/>
    <column name="ID"/>
    <column name="JQL"/>
    <column name="LAST_UPDATED"/>
    <column name="LAST_UPDATED_USER"/>
    <column name="NAME"/>
    <column name="REGISTRATION_METHOD"/>
    <column name="URL"/>
    <column name="PARAMETERS"/>
    <column name="EXCLUDE_ISSUE_DETAILS"/>
  </data>
  <data tableName="AO_563AEE_ACTIVITY_ENTITY">
    <column name="ACTIVITY_ID"/>
    <column name="ACTOR_ID"/>
    <column name="CONTENT"/>
    <column name="GENERATOR_DISPLAY_NAME"/>
    <column name="GENERATOR_ID"/>
    <column name="ICON_ID"/>
    <column name="ID"/>
    <column name="ISSUE_KEY"/>
    <column name="OBJECT_ID"/>
    <column name="POSTER"/>
    <column name="PROJECT_KEY"/>
    <column name="PUBLISHED"/>
    <column name="TARGET_ID"/>
    <column name="TITLE"/>
    <column name="URL"/>
    <column name="USERNAME"/>
    <column name="VERB"/>
  </data>
  <data tableName="AO_563AEE_ACTOR_ENTITY">
    <column name="FULL_NAME"/>
    <column name="ID"/>
    <column name="PROFILE_PAGE_URI"/>
    <column name="PROFILE_PICTURE_URI"/>
    <column name="USERNAME"/>
  </data>
  <data tableName="AO_563AEE_MEDIA_LINK_ENTITY">
    <column name="DURATION"/>
    <column name="HEIGHT"/>
    <column name="ID"/>
    <column name="URL"/>
    <column name="WIDTH"/>
  </data>
  <data tableName="AO_563AEE_OBJECT_ENTITY">
    <column name="CONTENT"/>
    <column name="DISPLAY_NAME"/>
    <column name="ID"/>
    <column name="IMAGE_ID"/>
    <column name="OBJECT_ID"/>
    <column name="OBJECT_TYPE"/>
    <column name="SUMMARY"/>
    <column name="URL"/>
  </data>
  <data tableName="AO_563AEE_TARGET_ENTITY">
    <column name="CONTENT"/>
    <column name="DISPLAY_NAME"/>
    <column name="ID"/>
    <column name="IMAGE_ID"/>
    <column name="OBJECT_ID"/>
    <column name="OBJECT_TYPE"/>
    <column name="SUMMARY"/>
    <column name="URL"/>
  </data>
  <data tableName="AO_60DB71_AUDITENTRY">
    <column name="CATEGORY"/>
    <column name="DATA"/>
    <column name="ENTITY_CLASS"/>
    <column name="ENTITY_ID"/>
    <column name="ID"/>
    <column name="TIME"/>
    <column name="USER"/>
  </data>
  <data tableName="AO_60DB71_BOARDADMINS">
    <column name="ID"/>
    <column name="KEY"/>
    <column name="RAPID_VIEW_ID"/>
    <column name="TYPE"/>
    <row>
      <integer>3</integer>
      <string>limengyao</string>
      <integer>3</integer>
      <string>USER</string>
    </row>
    <row>
      <integer>5</integer>
      <string>admin</string>
      <integer>5</integer>
      <string>USER</string>
    </row>
    <row>
      <integer>6</integer>
      <string>admin</string>
      <integer>6</integer>
      <string>USER</string>
    </row>
    <row>
      <integer>7</integer>
      <string>admin</string>
      <integer>7</integer>
      <string>USER</string>
    </row>
  </data>
  <data tableName="AO_60DB71_CARDCOLOR">
    <column name="COLOR"/>
    <column name="ID"/>
    <column name="POS"/>
    <column name="RAPID_VIEW_ID"/>
    <column name="STRATEGY"/>
    <column name="VAL"/>
    <row>
      <string>#bfe4ff</string>
      <integer>10</integer>
      <integer>1</integer>
      <integer>5</integer>
      <string>issuetype</string>
      <string>3</string>
    </row>
    <row>
      <string>#009999</string>
      <integer>11</integer>
      <integer>0</integer>
      <integer>5</integer>
      <string>issuetype</string>
      <string>5</string>
    </row>
    <row>
      <string>#bfe4ff</string>
      <integer>12</integer>
      <integer>0</integer>
      <integer>7</integer>
      <string>issuetype</string>
      <string>3</string>
    </row>
    <row>
      <string>#cc0000</string>
      <integer>16</integer>
      <integer>0</integer>
      <integer>6</integer>
      <string>issuetype</string>
      <string>1</string>
    </row>
  </data>
  <data tableName="AO_60DB71_CARDLAYOUT">
    <column name="FIELD_ID"/>
    <column name="ID"/>
    <column name="MODE_NAME"/>
    <column name="POS"/>
    <column name="RAPID_VIEW_ID"/>
  </data>
  <data tableName="AO_60DB71_COLUMN">
    <column name="ID"/>
    <column name="MAXIM"/>
    <column name="MINIM"/>
    <column name="NAME"/>
    <column name="POS"/>
    <column name="RAPID_VIEW_ID"/>
    <row>
      <integer>7</integer>
      <double xsi:nil="true"/>
      <double xsi:nil="true"/>
      <string>gh.boards.todo</string>
      <integer>0</integer>
      <integer>3</integer>
    </row>
    <row>
      <integer>8</integer>
      <double xsi:nil="true"/>
      <double xsi:nil="true"/>
      <string>gh.boards.inprog</string>
      <integer>1</integer>
      <integer>3</integer>
    </row>
    <row>
      <integer>9</integer>
      <double xsi:nil="true"/>
      <double xsi:nil="true"/>
      <string>gh.boards.done</string>
      <integer>2</integer>
      <integer>3</integer>
    </row>
    <row>
      <integer>13</integer>
      <double xsi:nil="true"/>
      <double xsi:nil="true"/>
      <string>未开始</string>
      <integer>0</integer>
      <integer>5</integer>
    </row>
    <row>
      <integer>14</integer>
      <double xsi:nil="true"/>
      <double xsi:nil="true"/>
      <string>进行中</string>
      <integer>1</integer>
      <integer>5</integer>
    </row>
    <row>
      <integer>15</integer>
      <double xsi:nil="true"/>
      <double xsi:nil="true"/>
      <string>已解决</string>
      <integer>3</integer>
      <integer>5</integer>
    </row>
    <row>
      <integer>16</integer>
      <double xsi:nil="true"/>
      <double xsi:nil="true"/>
      <string>gh.boards.todo</string>
      <integer>0</integer>
      <integer>6</integer>
    </row>
    <row>
      <integer>17</integer>
      <double xsi:nil="true"/>
      <double xsi:nil="true"/>
      <string>gh.boards.inprog</string>
      <integer>1</integer>
      <integer>6</integer>
    </row>
    <row>
      <integer>18</integer>
      <double xsi:nil="true"/>
      <double xsi:nil="true"/>
      <string>gh.boards.done</string>
      <integer>2</integer>
      <integer>6</integer>
    </row>
    <row>
      <integer>21</integer>
      <double xsi:nil="true"/>
      <double xsi:nil="true"/>
      <string>暂停</string>
      <integer>2</integer>
      <integer>5</integer>
    </row>
    <row>
      <integer>28</integer>
      <double xsi:nil="true"/>
      <double xsi:nil="true"/>
      <string>关闭</string>
      <integer>6</integer>
      <integer>5</integer>
    </row>
    <row>
      <integer>31</integer>
      <double xsi:nil="true"/>
      <double xsi:nil="true"/>
      <string>重新打开</string>
      <integer>4</integer>
      <integer>5</integer>
    </row>
    <row>
      <integer>34</integer>
      <double xsi:nil="true"/>
      <double xsi:nil="true"/>
      <string>立项</string>
      <integer>5</integer>
      <integer>5</integer>
    </row>
    <row>
      <integer>35</integer>
      <double xsi:nil="true"/>
      <double xsi:nil="true"/>
      <string>gh.boards.todo</string>
      <integer>0</integer>
      <integer>7</integer>
    </row>
    <row>
      <integer>36</integer>
      <double xsi:nil="true"/>
      <double xsi:nil="true"/>
      <string>gh.boards.inprog</string>
      <integer>1</integer>
      <integer>7</integer>
    </row>
    <row>
      <integer>37</integer>
      <double xsi:nil="true"/>
      <double xsi:nil="true"/>
      <string>gh.boards.done</string>
      <integer>2</integer>
      <integer>7</integer>
    </row>
  </data>
  <data tableName="AO_60DB71_COLUMNSTATUS">
    <column name="COLUMN_ID"/>
    <column name="ID"/>
    <column name="POS"/>
    <column name="STATUS_ID"/>
    <row>
      <integer>7</integer>
      <integer>11</integer>
      <integer>0</integer>
      <string>1</string>
    </row>
    <row>
      <integer>7</integer>
      <integer>12</integer>
      <integer>1</integer>
      <string>4</string>
    </row>
    <row>
      <integer>8</integer>
      <integer>13</integer>
      <integer>0</integer>
      <string>3</string>
    </row>
    <row>
      <integer>9</integer>
      <integer>14</integer>
      <integer>0</integer>
      <string>5</string>
    </row>
    <row>
      <integer>9</integer>
      <integer>15</integer>
      <integer>1</integer>
      <string>6</string>
    </row>
    <row>
      <integer>15</integer>
      <integer>25</integer>
      <integer>0</integer>
      <string>5</string>
    </row>
    <row>
      <integer>16</integer>
      <integer>27</integer>
      <integer>0</integer>
      <string>1</string>
    </row>
    <row>
      <integer>16</integer>
      <integer>28</integer>
      <integer>1</integer>
      <string>4</string>
    </row>
    <row>
      <integer>17</integer>
      <integer>29</integer>
      <integer>0</integer>
      <string>3</string>
    </row>
    <row>
      <integer>18</integer>
      <integer>30</integer>
      <integer>0</integer>
      <string>5</string>
    </row>
    <row>
      <integer>18</integer>
      <integer>31</integer>
      <integer>1</integer>
      <string>6</string>
    </row>
    <row>
      <integer>13</integer>
      <integer>34</integer>
      <integer>0</integer>
      <string>1</string>
    </row>
    <row>
      <integer>14</integer>
      <integer>35</integer>
      <integer>0</integer>
      <string>3</string>
    </row>
    <row>
      <integer>21</integer>
      <integer>36</integer>
      <integer>0</integer>
      <string>10006</string>
    </row>
    <row>
      <integer>28</integer>
      <integer>37</integer>
      <integer>0</integer>
      <string>6</string>
    </row>
    <row>
      <integer>31</integer>
      <integer>38</integer>
      <integer>0</integer>
      <string>4</string>
    </row>
    <row>
      <integer>34</integer>
      <integer>39</integer>
      <integer>0</integer>
      <string>10007</string>
    </row>
    <row>
      <integer>35</integer>
      <integer>40</integer>
      <integer>0</integer>
      <string>1</string>
    </row>
    <row>
      <integer>35</integer>
      <integer>41</integer>
      <integer>1</integer>
      <string>10006</string>
    </row>
    <row>
      <integer>35</integer>
      <integer>42</integer>
      <integer>2</integer>
      <string>10007</string>
    </row>
    <row>
      <integer>35</integer>
      <integer>43</integer>
      <integer>3</integer>
      <string>4</string>
    </row>
    <row>
      <integer>36</integer>
      <integer>44</integer>
      <integer>0</integer>
      <string>3</string>
    </row>
    <row>
      <integer>37</integer>
      <integer>45</integer>
      <integer>0</integer>
      <string>5</string>
    </row>
    <row>
      <integer>37</integer>
      <integer>46</integer>
      <integer>1</integer>
      <string>6</string>
    </row>
  </data>
  <data tableName="AO_60DB71_DETAILVIEWFIELD">
    <column name="FIELD_ID"/>
    <column name="ID"/>
    <column name="POS"/>
    <column name="RAPID_VIEW_ID"/>
    <row>
      <string>status</string>
      <integer>23</integer>
      <integer>0</integer>
      <integer>3</integer>
    </row>
    <row>
      <string>components</string>
      <integer>24</integer>
      <integer>1</integer>
      <integer>3</integer>
    </row>
    <row>
      <string>labels</string>
      <integer>25</integer>
      <integer>2</integer>
      <integer>3</integer>
    </row>
    <row>
      <string>versions</string>
      <integer>26</integer>
      <integer>3</integer>
      <integer>3</integer>
    </row>
    <row>
      <string>fixVersions</string>
      <integer>27</integer>
      <integer>4</integer>
      <integer>3</integer>
    </row>
    <row>
      <string>issuelinks</string>
      <integer>28</integer>
      <integer>5</integer>
      <integer>3</integer>
    </row>
    <row>
      <string>reporter</string>
      <integer>29</integer>
      <integer>6</integer>
      <integer>3</integer>
    </row>
    <row>
      <string>assignee</string>
      <integer>30</integer>
      <integer>7</integer>
      <integer>3</integer>
    </row>
    <row>
      <string>created</string>
      <integer>31</integer>
      <integer>8</integer>
      <integer>3</integer>
    </row>
    <row>
      <string>updated</string>
      <integer>32</integer>
      <integer>9</integer>
      <integer>3</integer>
    </row>
    <row>
      <string>customfield_10006</string>
      <integer>33</integer>
      <integer>10</integer>
      <integer>3</integer>
    </row>
    <row>
      <string>status</string>
      <integer>45</integer>
      <integer>0</integer>
      <integer>5</integer>
    </row>
    <row>
      <string>components</string>
      <integer>46</integer>
      <integer>1</integer>
      <integer>5</integer>
    </row>
    <row>
      <string>labels</string>
      <integer>47</integer>
      <integer>2</integer>
      <integer>5</integer>
    </row>
    <row>
      <string>versions</string>
      <integer>48</integer>
      <integer>3</integer>
      <integer>5</integer>
    </row>
    <row>
      <string>fixVersions</string>
      <integer>49</integer>
      <integer>4</integer>
      <integer>5</integer>
    </row>
    <row>
      <string>issuelinks</string>
      <integer>50</integer>
      <integer>5</integer>
      <integer>5</integer>
    </row>
    <row>
      <string>reporter</string>
      <integer>51</integer>
      <integer>6</integer>
      <integer>5</integer>
    </row>
    <row>
      <string>assignee</string>
      <integer>52</integer>
      <integer>7</integer>
      <integer>5</integer>
    </row>
    <row>
      <string>created</string>
      <integer>53</integer>
      <integer>8</integer>
      <integer>5</integer>
    </row>
    <row>
      <string>updated</string>
      <integer>54</integer>
      <integer>9</integer>
      <integer>5</integer>
    </row>
    <row>
      <string>customfield_10006</string>
      <integer>55</integer>
      <integer>10</integer>
      <integer>5</integer>
    </row>
    <row>
      <string>status</string>
      <integer>56</integer>
      <integer>0</integer>
      <integer>6</integer>
    </row>
    <row>
      <string>components</string>
      <integer>57</integer>
      <integer>1</integer>
      <integer>6</integer>
    </row>
    <row>
      <string>labels</string>
      <integer>58</integer>
      <integer>2</integer>
      <integer>6</integer>
    </row>
    <row>
      <string>versions</string>
      <integer>59</integer>
      <integer>3</integer>
      <integer>6</integer>
    </row>
    <row>
      <string>fixVersions</string>
      <integer>60</integer>
      <integer>4</integer>
      <integer>6</integer>
    </row>
    <row>
      <string>issuelinks</string>
      <integer>61</integer>
      <integer>5</integer>
      <integer>6</integer>
    </row>
    <row>
      <string>reporter</string>
      <integer>62</integer>
      <integer>6</integer>
      <integer>6</integer>
    </row>
    <row>
      <string>assignee</string>
      <integer>63</integer>
      <integer>7</integer>
      <integer>6</integer>
    </row>
    <row>
      <string>created</string>
      <integer>64</integer>
      <integer>8</integer>
      <integer>6</integer>
    </row>
    <row>
      <string>updated</string>
      <integer>65</integer>
      <integer>9</integer>
      <integer>6</integer>
    </row>
    <row>
      <string>customfield_10006</string>
      <integer>66</integer>
      <integer>10</integer>
      <integer>6</integer>
    </row>
    <row>
      <string>status</string>
      <integer>67</integer>
      <integer>0</integer>
      <integer>7</integer>
    </row>
    <row>
      <string>components</string>
      <integer>68</integer>
      <integer>1</integer>
      <integer>7</integer>
    </row>
    <row>
      <string>labels</string>
      <integer>69</integer>
      <integer>2</integer>
      <integer>7</integer>
    </row>
    <row>
      <string>versions</string>
      <integer>70</integer>
      <integer>3</integer>
      <integer>7</integer>
    </row>
    <row>
      <string>fixVersions</string>
      <integer>71</integer>
      <integer>4</integer>
      <integer>7</integer>
    </row>
    <row>
      <string>issuelinks</string>
      <integer>72</integer>
      <integer>5</integer>
      <integer>7</integer>
    </row>
    <row>
      <string>reporter</string>
      <integer>73</integer>
      <integer>6</integer>
      <integer>7</integer>
    </row>
    <row>
      <string>assignee</string>
      <integer>74</integer>
      <integer>7</integer>
      <integer>7</integer>
    </row>
    <row>
      <string>created</string>
      <integer>75</integer>
      <integer>8</integer>
      <integer>7</integer>
    </row>
    <row>
      <string>updated</string>
      <integer>76</integer>
      <integer>9</integer>
      <integer>7</integer>
    </row>
    <row>
      <string>customfield_10006</string>
      <integer>77</integer>
      <integer>10</integer>
      <integer>7</integer>
    </row>
  </data>
  <data tableName="AO_60DB71_ESTIMATESTATISTIC">
    <column name="FIELD_ID"/>
    <column name="ID"/>
    <column name="RAPID_VIEW_ID"/>
    <column name="TYPE_ID"/>
    <row>
      <string xsi:nil="true"/>
      <integer>3</integer>
      <integer>3</integer>
      <string>none</string>
    </row>
    <row>
      <string xsi:nil="true"/>
      <integer>5</integer>
      <integer>5</integer>
      <string>none</string>
    </row>
    <row>
      <string xsi:nil="true"/>
      <integer>6</integer>
      <integer>6</integer>
      <string>none</string>
    </row>
    <row>
      <string>customfield_10002</string>
      <integer>7</integer>
      <integer>7</integer>
      <string>field</string>
    </row>
  </data>
  <data tableName="AO_60DB71_ISSUERANKING">
    <column name="CUSTOM_FIELD_ID"/>
    <column name="ID"/>
    <column name="ISSUE_ID"/>
    <column name="NEXT_ID"/>
  </data>
  <data tableName="AO_60DB71_ISSUERANKINGLOG">
    <column name="CUSTOM_FIELD_ID"/>
    <column name="ID"/>
    <column name="ISSUE_ID"/>
    <column name="LOG_TYPE"/>
    <column name="NEW_NEXT_ID"/>
    <column name="NEW_PREVIOUS_ID"/>
    <column name="OLD_NEXT_ID"/>
    <column name="OLD_PREVIOUS_ID"/>
    <column name="SANITY_CHECKED"/>
  </data>
  <data tableName="AO_60DB71_LEXORANK">
    <column name="FIELD_ID"/>
    <column name="ID"/>
    <column name="ISSUE_ID"/>
    <column name="LOCK_HASH"/>
    <column name="LOCK_TIME"/>
    <column name="RANK"/>
    <column name="TYPE"/>
    <row>
      <integer>10009</integer>
      <integer>7</integer>
      <integer>-9223372036854775808</integer>
      <string xsi:nil="true"/>
      <integer xsi:nil="true"/>
      <string>0|000000:</string>
      <integer>0</integer>
    </row>
    <row>
      <integer>10009</integer>
      <integer>8</integer>
      <integer>9223372036854775807</integer>
      <string xsi:nil="true"/>
      <integer xsi:nil="true"/>
      <string>0|zzzzzz:</string>
      <integer>2</integer>
    </row>
    <row>
      <integer>10009</integer>
      <integer>9</integer>
      <integer>10000</integer>
      <string xsi:nil="true"/>
      <integer xsi:nil="true"/>
      <string>0|hzzzzz:</string>
      <integer>1</integer>
    </row>
    <row>
      <integer>10009</integer>
      <integer>10</integer>
      <integer>10001</integer>
      <string xsi:nil="true"/>
      <integer xsi:nil="true"/>
      <string>0|i00007:</string>
      <integer>1</integer>
    </row>
    <row>
      <integer>10009</integer>
      <integer>11</integer>
      <integer>10002</integer>
      <string xsi:nil="true"/>
      <integer xsi:nil="true"/>
      <string>0|i0000f:</string>
      <integer>1</integer>
    </row>
    <row>
      <integer>10009</integer>
      <integer>12</integer>
      <integer>10003</integer>
      <string xsi:nil="true"/>
      <integer xsi:nil="true"/>
      <string>0|i0000n:</string>
      <integer>1</integer>
    </row>
    <row>
      <integer>10009</integer>
      <integer>13</integer>
      <integer>10004</integer>
      <string xsi:nil="true"/>
      <integer xsi:nil="true"/>
      <string>0|i0000v:</string>
      <integer>1</integer>
    </row>
    <row>
      <integer>10009</integer>
      <integer>14</integer>
      <integer>10005</integer>
      <string xsi:nil="true"/>
      <integer xsi:nil="true"/>
      <string>0|i00013:</string>
      <integer>1</integer>
    </row>
    <row>
      <integer>10009</integer>
      <integer>15</integer>
      <integer>10006</integer>
      <string xsi:nil="true"/>
      <integer xsi:nil="true"/>
      <string>0|i0001b:</string>
      <integer>1</integer>
    </row>
    <row>
      <integer>10009</integer>
      <integer>16</integer>
      <integer>10007</integer>
      <string xsi:nil="true"/>
      <integer xsi:nil="true"/>
      <string>0|i0001j:</string>
      <integer>1</integer>
    </row>
    <row>
      <integer>10009</integer>
      <integer>17</integer>
      <integer>10008</integer>
      <string xsi:nil="true"/>
      <integer xsi:nil="true"/>
      <string>0|i0001r:</string>
      <integer>1</integer>
    </row>
    <row>
      <integer>10009</integer>
      <integer>18</integer>
      <integer>10009</integer>
      <string xsi:nil="true"/>
      <integer xsi:nil="true"/>
      <string>0|i0001z:</string>
      <integer>1</integer>
    </row>
    <row>
      <integer>10009</integer>
      <integer>19</integer>
      <integer>10010</integer>
      <string xsi:nil="true"/>
      <integer xsi:nil="true"/>
      <string>0|i00027:</string>
      <integer>1</integer>
    </row>
    <row>
      <integer>10009</integer>
      <integer>20</integer>
      <integer>10011</integer>
      <string xsi:nil="true"/>
      <integer xsi:nil="true"/>
      <string>0|i0002f:</string>
      <integer>1</integer>
    </row>
    <row>
      <integer>10009</integer>
      <integer>21</integer>
      <integer>10012</integer>
      <string xsi:nil="true"/>
      <integer xsi:nil="true"/>
      <string>0|i00067:</string>
      <integer>1</integer>
    </row>
    <row>
      <integer>10009</integer>
      <integer>22</integer>
      <integer>10013</integer>
      <string xsi:nil="true"/>
      <integer xsi:nil="true"/>
      <string>0|i0006f:</string>
      <integer>1</integer>
    </row>
    <row>
      <integer>10009</integer>
      <integer>23</integer>
      <integer>10014</integer>
      <string xsi:nil="true"/>
      <integer xsi:nil="true"/>
      <string>0|i0006n:</string>
      <integer>1</integer>
    </row>
    <row>
      <integer>10009</integer>
      <integer>24</integer>
      <integer>10015</integer>
      <string xsi:nil="true"/>
      <integer xsi:nil="true"/>
      <string>0|i0006v:</string>
      <integer>1</integer>
    </row>
    <row>
      <integer>10009</integer>
      <integer>25</integer>
      <integer>10016</integer>
      <string xsi:nil="true"/>
      <integer xsi:nil="true"/>
      <string>0|i00073:</string>
      <integer>1</integer>
    </row>
    <row>
      <integer>10009</integer>
      <integer>26</integer>
      <integer>10017</integer>
      <string xsi:nil="true"/>
      <integer xsi:nil="true"/>
      <string>0|i0007b:</string>
      <integer>1</integer>
    </row>
    <row>
      <integer>10009</integer>
      <integer>27</integer>
      <integer>10018</integer>
      <string xsi:nil="true"/>
      <integer xsi:nil="true"/>
      <string>0|i0007j:</string>
      <integer>1</integer>
    </row>
    <row>
      <integer>10009</integer>
      <integer>28</integer>
      <integer>10019</integer>
      <string xsi:nil="true"/>
      <integer xsi:nil="true"/>
      <string>0|i0007r:</string>
      <integer>1</integer>
    </row>
    <row>
      <integer>10009</integer>
      <integer>29</integer>
      <integer>10020</integer>
      <string xsi:nil="true"/>
      <integer xsi:nil="true"/>
      <string>0|i0007z:</string>
      <integer>1</integer>
    </row>
    <row>
      <integer>10009</integer>
      <integer>30</integer>
      <integer>10021</integer>
      <string xsi:nil="true"/>
      <integer xsi:nil="true"/>
      <string>0|i00087:</string>
      <integer>1</integer>
    </row>
    <row>
      <integer>10009</integer>
      <integer>31</integer>
      <integer>10022</integer>
      <string xsi:nil="true"/>
      <integer xsi:nil="true"/>
      <string>0|i0008f:</string>
      <integer>1</integer>
    </row>
    <row>
      <integer>10009</integer>
      <integer>32</integer>
      <integer>10023</integer>
      <string xsi:nil="true"/>
      <integer xsi:nil="true"/>
      <string>0|i0008n:</string>
      <integer>1</integer>
    </row>
    <row>
      <integer>10009</integer>
      <integer>33</integer>
      <integer>10024</integer>
      <string xsi:nil="true"/>
      <integer xsi:nil="true"/>
      <string>0|i0008v:</string>
      <integer>1</integer>
    </row>
    <row>
      <integer>10009</integer>
      <integer>34</integer>
      <integer>10025</integer>
      <string xsi:nil="true"/>
      <integer xsi:nil="true"/>
      <string>0|i00093:</string>
      <integer>1</integer>
    </row>
    <row>
      <integer>10009</integer>
      <integer>35</integer>
      <integer>10026</integer>
      <string xsi:nil="true"/>
      <integer xsi:nil="true"/>
      <string>0|i0009b:</string>
      <integer>1</integer>
    </row>
    <row>
      <integer>10009</integer>
      <integer>36</integer>
      <integer>10027</integer>
      <string xsi:nil="true"/>
      <integer xsi:nil="true"/>
      <string>0|i0009j:</string>
      <integer>1</integer>
    </row>
    <row>
      <integer>10009</integer>
      <integer>37</integer>
      <integer>10028</integer>
      <string xsi:nil="true"/>
      <integer xsi:nil="true"/>
      <string>0|i0009r:</string>
      <integer>1</integer>
    </row>
    <row>
      <integer>10009</integer>
      <integer>38</integer>
      <integer>10029</integer>
      <string xsi:nil="true"/>
      <integer xsi:nil="true"/>
      <string>0|i0009z:</string>
      <integer>1</integer>
    </row>
    <row>
      <integer>10009</integer>
      <integer>39</integer>
      <integer>10030</integer>
      <string xsi:nil="true"/>
      <integer xsi:nil="true"/>
      <string>0|i0009v:</string>
      <integer>1</integer>
    </row>
    <row>
      <integer>10009</integer>
      <integer>40</integer>
      <integer>10031</integer>
      <string xsi:nil="true"/>
      <integer xsi:nil="true"/>
      <string>0|i000af:</string>
      <integer>1</integer>
    </row>
    <row>
      <integer>10009</integer>
      <integer>41</integer>
      <integer>10032</integer>
      <string xsi:nil="true"/>
      <integer xsi:nil="true"/>
      <string>0|i000an:</string>
      <integer>1</integer>
    </row>
    <row>
      <integer>10009</integer>
      <integer>42</integer>
      <integer>10033</integer>
      <string xsi:nil="true"/>
      <integer xsi:nil="true"/>
      <string>0|i000av:</string>
      <integer>1</integer>
    </row>
    <row>
      <integer>10009</integer>
      <integer>43</integer>
      <integer>10034</integer>
      <string xsi:nil="true"/>
      <integer xsi:nil="true"/>
      <string>0|i000b3:</string>
      <integer>1</integer>
    </row>
    <row>
      <integer>10009</integer>
      <integer>44</integer>
      <integer>10035</integer>
      <string xsi:nil="true"/>
      <integer xsi:nil="true"/>
      <string>0|i000bb:</string>
      <integer>1</integer>
    </row>
    <row>
      <integer>10009</integer>
      <integer>45</integer>
      <integer>10036</integer>
      <string xsi:nil="true"/>
      <integer xsi:nil="true"/>
      <string>0|i000bj:</string>
      <integer>1</integer>
    </row>
    <row>
      <integer>10009</integer>
      <integer>46</integer>
      <integer>10037</integer>
      <string xsi:nil="true"/>
      <integer xsi:nil="true"/>
      <string>0|i000br:</string>
      <integer>1</integer>
    </row>
    <row>
      <integer>10009</integer>
      <integer>47</integer>
      <integer>10038</integer>
      <string xsi:nil="true"/>
      <integer xsi:nil="true"/>
      <string>0|i000bz:</string>
      <integer>1</integer>
    </row>
    <row>
      <integer>10009</integer>
      <integer>48</integer>
      <integer>10039</integer>
      <string xsi:nil="true"/>
      <integer xsi:nil="true"/>
      <string>0|i000c7:</string>
      <integer>1</integer>
    </row>
    <row>
      <integer>10009</integer>
      <integer>49</integer>
      <integer>10040</integer>
      <string xsi:nil="true"/>
      <integer xsi:nil="true"/>
      <string>0|i000cf:</string>
      <integer>1</integer>
    </row>
    <row>
      <integer>10009</integer>
      <integer>50</integer>
      <integer>10041</integer>
      <string xsi:nil="true"/>
      <integer xsi:nil="true"/>
      <string>0|i000cn:</string>
      <integer>1</integer>
    </row>
  </data>
  <data tableName="AO_60DB71_LEXORANKBALANCER">
    <column name="DISABLE_RANK_OPERATIONS"/>
    <column name="FIELD_ID"/>
    <column name="ID"/>
    <column name="REBALANCE_TIME"/>
  </data>
  <data tableName="AO_60DB71_NONWORKINGDAY">
    <column name="ID"/>
    <column name="ISO8601_DATE"/>
    <column name="WORKING_DAYS_ID"/>
  </data>
  <data tableName="AO_60DB71_QUICKFILTER">
    <column name="DESCRIPTION"/>
    <column name="ID"/>
    <column name="NAME"/>
    <column name="POS"/>
    <column name="QUERY"/>
    <column name="RAPID_VIEW_ID"/>
    <row>
      <string>gh.rapid.quickfilters.only.my.issues.desc</string>
      <integer>5</integer>
      <string>gh.rapid.quickfilters.only.my.issues</string>
      <integer>0</integer>
      <string>assignee = currentUser()</string>
      <integer>3</integer>
    </row>
    <row>
      <string>gh.rapid.quickfilters.recently.updated.desc</string>
      <integer>6</integer>
      <string>gh.rapid.quickfilters.recently.updated</string>
      <integer>1</integer>
      <string>updatedDate >= -1d</string>
      <integer>3</integer>
    </row>
    <row>
      <string>gh.rapid.quickfilters.only.my.issues.desc</string>
      <integer>9</integer>
      <string>gh.rapid.quickfilters.only.my.issues</string>
      <integer>0</integer>
      <string>assignee = currentUser()</string>
      <integer>5</integer>
    </row>
    <row>
      <string>gh.rapid.quickfilters.recently.updated.desc</string>
      <integer>10</integer>
      <string>gh.rapid.quickfilters.recently.updated</string>
      <integer>1</integer>
      <string>updatedDate >= -1d</string>
      <integer>5</integer>
    </row>
    <row>
      <string>gh.rapid.quickfilters.only.my.issues.desc</string>
      <integer>11</integer>
      <string>gh.rapid.quickfilters.only.my.issues</string>
      <integer>0</integer>
      <string>assignee = currentUser()</string>
      <integer>6</integer>
    </row>
    <row>
      <string>gh.rapid.quickfilters.recently.updated.desc</string>
      <integer>12</integer>
      <string>gh.rapid.quickfilters.recently.updated</string>
      <integer>1</integer>
      <string>updatedDate >= -1d</string>
      <integer>6</integer>
    </row>
    <row>
      <string>gh.rapid.quickfilters.only.my.issues.desc</string>
      <integer>13</integer>
      <string>gh.rapid.quickfilters.only.my.issues</string>
      <integer>0</integer>
      <string>assignee = currentUser()</string>
      <integer>7</integer>
    </row>
    <row>
      <string>gh.rapid.quickfilters.recently.updated.desc</string>
      <integer>14</integer>
      <string>gh.rapid.quickfilters.recently.updated</string>
      <integer>1</integer>
      <string>updatedDate >= -1d</string>
      <integer>7</integer>
    </row>
  </data>
  <data tableName="AO_60DB71_RANKABLEOBJECT">
    <column name="ID"/>
    <column name="TYPE"/>
  </data>
  <data tableName="AO_60DB71_RANK_ISSUE_LINK">
    <column name="ISSUE_ID"/>
    <column name="NEXT_ID"/>
  </data>
  <data tableName="AO_60DB71_RAPIDVIEW">
    <column name="CARD_COLOR_STRATEGY"/>
    <column name="ID"/>
    <column name="NAME"/>
    <column name="OWNER_USER_NAME"/>
    <column name="SAVED_FILTER_ID"/>
    <column name="SHOW_DAYS_IN_COLUMN"/>
    <column name="SPRINTS_ENABLED"/>
    <column name="SPRINT_MARKERS_MIGRATED"/>
    <column name="SWIMLANE_STRATEGY"/>
    <row>
      <string>issuetype</string>
      <integer>3</integer>
      <string>as</string>
      <string>limengyao</string>
      <integer>10002</integer>
      <boolean>true</boolean>
      <boolean>false</boolean>
      <boolean>true</boolean>
      <string>custom</string>
    </row>
    <row>
      <string>issuetype</string>
      <integer>5</integer>
      <string>DNA档案任务管理</string>
      <string>admin</string>
      <integer>10004</integer>
      <boolean>true</boolean>
      <boolean>false</boolean>
      <boolean>true</boolean>
      <string>custom</string>
    </row>
    <row>
      <string>issuetype</string>
      <integer>6</integer>
      <string>DS board</string>
      <string>admin</string>
      <integer>10005</integer>
      <boolean>true</boolean>
      <boolean>false</boolean>
      <boolean>true</boolean>
      <string>custom</string>
    </row>
    <row>
      <string>issuetype</string>
      <integer>7</integer>
      <string>test scrum</string>
      <string>admin</string>
      <integer>10006</integer>
      <boolean>false</boolean>
      <boolean>true</boolean>
      <boolean>true</boolean>
      <string>parentChild</string>
    </row>
  </data>
  <data tableName="AO_60DB71_SPRINT">
    <column name="CLOSED"/>
    <column name="COMPLETE_DATE"/>
    <column name="END_DATE"/>
    <column name="ID"/>
    <column name="NAME"/>
    <column name="RAPID_VIEW_ID"/>
    <column name="SEQUENCE"/>
    <column name="STARTED"/>
    <column name="START_DATE"/>
    <row>
      <boolean>false</boolean>
      <integer xsi:nil="true"/>
      <integer xsi:nil="true"/>
      <integer>1</integer>
      <string>Sprint 1</string>
      <integer>7</integer>
      <integer xsi:nil="true"/>
      <boolean>false</boolean>
      <integer xsi:nil="true"/>
    </row>
  </data>
  <data tableName="AO_60DB71_SPRINTMARKER">
    <column name="ID"/>
    <column name="MARKER_CONTEXT"/>
    <column name="NAME"/>
  </data>
  <data tableName="AO_60DB71_STATSFIELD">
    <column name="ID"/>
    <column name="RAPID_VIEW_ID"/>
    <column name="TYPE_ID"/>
    <row>
      <integer>3</integer>
      <integer>3</integer>
      <string>issueCount</string>
    </row>
    <row>
      <integer>5</integer>
      <integer>5</integer>
      <string>issueCount</string>
    </row>
    <row>
      <integer>6</integer>
      <integer>6</integer>
      <string>issueCount</string>
    </row>
    <row>
      <integer>7</integer>
      <integer>7</integer>
      <string>none</string>
    </row>
  </data>
  <data tableName="AO_60DB71_SUBQUERY">
    <column name="ID"/>
    <column name="QUERY"/>
    <column name="RAPID_VIEW_ID"/>
    <column name="SECTION"/>
    <row>
      <integer>3</integer>
      <string>fixVersion in unreleasedVersions() OR fixVersion is EMPTY</string>
      <integer>3</integer>
      <string>board.kanban.work</string>
    </row>
    <row>
      <integer>5</integer>
      <string>fixVersion in unreleasedVersions() OR fixVersion is EMPTY</string>
      <integer>5</integer>
      <string>board.kanban.work</string>
    </row>
    <row>
      <integer>6</integer>
      <string>fixVersion in unreleasedVersions() OR fixVersion is EMPTY</string>
      <integer>6</integer>
      <string>board.kanban.work</string>
    </row>
  </data>
  <data tableName="AO_60DB71_SWIMLANE">
    <column name="DEFAULT_LANE"/>
    <column name="DESCRIPTION"/>
    <column name="ID"/>
    <column name="NAME"/>
    <column name="POS"/>
    <column name="QUERY"/>
    <column name="RAPID_VIEW_ID"/>
    <row>
      <boolean>false</boolean>
      <string>gh.rapid.swimlane.expedite.desc</string>
      <integer>5</integer>
      <string>gh.rapid.swimlane.expedite.name</string>
      <integer>0</integer>
      <string>priority = Blocker</string>
      <integer>3</integer>
    </row>
    <row>
      <boolean>true</boolean>
      <string></string>
      <integer>6</integer>
      <string>gh.rapid.swimlane.default.name</string>
      <integer>1</integer>
      <string></string>
      <integer>3</integer>
    </row>
    <row>
      <boolean>false</boolean>
      <string>gh.rapid.swimlane.expedite.desc</string>
      <integer>9</integer>
      <string>gh.rapid.swimlane.expedite.name</string>
      <integer>0</integer>
      <string>priority = Blocker</string>
      <integer>5</integer>
    </row>
    <row>
      <boolean>true</boolean>
      <string></string>
      <integer>10</integer>
      <string>gh.rapid.swimlane.default.name</string>
      <integer>1</integer>
      <string></string>
      <integer>5</integer>
    </row>
    <row>
      <boolean>false</boolean>
      <string>gh.rapid.swimlane.expedite.desc</string>
      <integer>11</integer>
      <string>gh.rapid.swimlane.expedite.name</string>
      <integer>0</integer>
      <string>priority = Blocker</string>
      <integer>6</integer>
    </row>
    <row>
      <boolean>true</boolean>
      <string></string>
      <integer>12</integer>
      <string>gh.rapid.swimlane.default.name</string>
      <integer>1</integer>
      <string></string>
      <integer>6</integer>
    </row>
    <row>
      <boolean>true</boolean>
      <string></string>
      <integer>13</integer>
      <string>gh.rapid.swimlane.default.name</string>
      <integer>0</integer>
      <string></string>
      <integer>7</integer>
    </row>
  </data>
  <data tableName="AO_60DB71_TRACKINGSTATISTIC">
    <column name="FIELD_ID"/>
    <column name="ID"/>
    <column name="RAPID_VIEW_ID"/>
    <column name="TYPE_ID"/>
    <row>
      <string xsi:nil="true"/>
      <integer>3</integer>
      <integer>3</integer>
      <string>none</string>
    </row>
    <row>
      <string xsi:nil="true"/>
      <integer>5</integer>
      <integer>5</integer>
      <string>none</string>
    </row>
    <row>
      <string xsi:nil="true"/>
      <integer>6</integer>
      <integer>6</integer>
      <string>none</string>
    </row>
    <row>
      <string xsi:nil="true"/>
      <integer>7</integer>
      <integer>7</integer>
      <string>none</string>
    </row>
  </data>
  <data tableName="AO_60DB71_VERSION">
    <column name="ID"/>
    <column name="START_DATE"/>
    <column name="VERSION_ID"/>
  </data>
  <data tableName="AO_60DB71_WORKINGDAYS">
    <column name="FRIDAY"/>
    <column name="ID"/>
    <column name="MONDAY"/>
    <column name="RAPID_VIEW_ID"/>
    <column name="SATURDAY"/>
    <column name="SUNDAY"/>
    <column name="THURSDAY"/>
    <column name="TIMEZONE"/>
    <column name="TUESDAY"/>
    <column name="WEDNESDAY"/>
    <row>
      <boolean>true</boolean>
      <integer>3</integer>
      <boolean>true</boolean>
      <integer>3</integer>
      <boolean>false</boolean>
      <boolean>false</boolean>
      <boolean>true</boolean>
      <string>defaultTimeZoneId</string>
      <boolean>true</boolean>
      <boolean>true</boolean>
    </row>
    <row>
      <boolean>true</boolean>
      <integer>5</integer>
      <boolean>true</boolean>
      <integer>5</integer>
      <boolean>false</boolean>
      <boolean>false</boolean>
      <boolean>true</boolean>
      <string>defaultTimeZoneId</string>
      <boolean>true</boolean>
      <boolean>true</boolean>
    </row>
    <row>
      <boolean>true</boolean>
      <integer>6</integer>
      <boolean>true</boolean>
      <integer>6</integer>
      <boolean>false</boolean>
      <boolean>false</boolean>
      <boolean>true</boolean>
      <string>defaultTimeZoneId</string>
      <boolean>true</boolean>
      <boolean>true</boolean>
    </row>
    <row>
      <boolean>true</boolean>
      <integer>7</integer>
      <boolean>true</boolean>
      <integer>7</integer>
      <boolean>false</boolean>
      <boolean>false</boolean>
      <boolean>true</boolean>
      <string>defaultTimeZoneId</string>
      <boolean>true</boolean>
      <boolean>true</boolean>
    </row>
  </data>
  <data tableName="AO_A44657_HEALTH_CHECK_ENTITY">
    <column name="ID"/>
  </data>
  <data tableName="AO_B9A0F0_APPLIED_TEMPLATE">
    <column name="ID"/>
    <column name="PROJECT_ID"/>
    <column name="PROJECT_TEMPLATE_MODULE_KEY"/>
    <column name="PROJECT_TEMPLATE_WEB_ITEM_KEY"/>
    <row>
      <integer>1</integer>
      <integer>10001</integer>
      <string>com.atlassian.jira-core-project-templates:jira-projectmanagement-item</string>
      <string>com.atlassian.jira-core-project-templates:jira-projectmanagement-item</string>
    </row>
    <row>
      <integer>2</integer>
      <integer>10002</integer>
      <string>com.atlassian.jira.plugins.jira-software-plugin:jira-software-development-project-template</string>
      <string>com.atlassian.jira.plugins.jira-software-plugin:jira-software-development-project-template</string>
    </row>
    <row>
      <integer>3</integer>
      <integer>10003</integer>
      <string>com.atlassian.jira-core-project-templates:jira-projectmanagement-item</string>
      <string>com.atlassian.jira-core-project-templates:jira-projectmanagement-item</string>
    </row>
    <row>
      <integer>4</integer>
      <integer>10004</integer>
      <string>com.atlassian.jira-core-project-templates:jira-projectmanagement-item</string>
      <string>com.atlassian.jira-core-project-templates:jira-projectmanagement-item</string>
    </row>
    <row>
      <integer>5</integer>
      <integer>10005</integer>
      <string>com.atlassian.jira-core-project-templates:jira-projectmanagement-item</string>
      <string>com.atlassian.jira-core-project-templates:jira-projectmanagement-item</string>
    </row>
    <row>
      <integer>6</integer>
      <integer>10006</integer>
      <string>com.atlassian.jira-core-project-templates:jira-projectmanagement-item</string>
      <string>com.atlassian.jira-core-project-templates:jira-projectmanagement-item</string>
    </row>
    <row>
      <integer>7</integer>
      <integer>10008</integer>
      <string>com.atlassian.jira-core-project-templates:jira-projectmanagement-item</string>
      <string>com.atlassian.jira-core-project-templates:jira-projectmanagement-item</string>
    </row>
    <row>
      <integer>8</integer>
      <integer>10009</integer>
      <string>com.atlassian.jira-core-project-templates:jira-projectmanagement-item</string>
      <string>com.atlassian.jira-core-project-templates:jira-projectmanagement-item</string>
    </row>
    <row>
      <integer>9</integer>
      <integer>10010</integer>
      <string>com.pyxis.greenhopper.jira:gh-kanban-template</string>
      <string>com.pyxis.greenhopper.jira:gh-kanban-template</string>
    </row>
    <row>
      <integer>10</integer>
      <integer>10011</integer>
      <string>com.atlassian.jira-core-project-templates:jira-issuetracking-item</string>
      <string>com.atlassian.jira-core-project-templates:jira-issuetracking-item</string>
    </row>
    <row>
      <integer>11</integer>
      <integer>10012</integer>
      <string>com.atlassian.jira-core-project-templates:jira-projectmanagement-item</string>
      <string>com.atlassian.jira-core-project-templates:jira-projectmanagement-item</string>
    </row>
    <row>
      <integer>12</integer>
      <integer>10013</integer>
      <string>com.atlassian.jira-core-project-templates:jira-projectmanagement-item</string>
      <string>com.atlassian.jira-core-project-templates:jira-projectmanagement-item</string>
    </row>
  </data>
  <data tableName="AO_E8B6CC_BRANCH">
    <column name="ID"/>
    <column name="NAME"/>
    <column name="REPOSITORY_ID"/>
  </data>
  <data tableName="AO_E8B6CC_BRANCH_HEAD_MAPPING">
    <column name="BRANCH_NAME"/>
    <column name="HEAD"/>
    <column name="ID"/>
    <column name="REPOSITORY_ID"/>
  </data>
  <data tableName="AO_E8B6CC_CHANGESET_MAPPING">
    <column name="AUTHOR"/>
    <column name="AUTHOR_EMAIL"/>
    <column name="BRANCH"/>
    <column name="DATE"/>
    <column name="FILES_DATA"/>
    <column name="FILE_COUNT"/>
    <column name="FILE_DETAILS_JSON"/>
    <column name="ID"/>
    <column name="ISSUE_KEY"/>
    <column name="MESSAGE"/>
    <column name="NODE"/>
    <column name="PARENTS_DATA"/>
    <column name="PROJECT_KEY"/>
    <column name="RAW_AUTHOR"/>
    <column name="RAW_NODE"/>
    <column name="REPOSITORY_ID"/>
    <column name="SMARTCOMMIT_AVAILABLE"/>
    <column name="VERSION"/>
  </data>
  <data tableName="AO_E8B6CC_COMMIT">
    <column name="AUTHOR"/>
    <column name="AUTHOR_AVATAR_URL"/>
    <column name="DATE"/>
    <column name="DOMAIN_ID"/>
    <column name="ID"/>
    <column name="MERGE"/>
    <column name="MESSAGE"/>
    <column name="NODE"/>
    <column name="RAW_AUTHOR"/>
  </data>
  <data tableName="AO_E8B6CC_GIT_HUB_EVENT">
    <column name="CREATED_AT"/>
    <column name="GIT_HUB_ID"/>
    <column name="ID"/>
    <column name="REPOSITORY_ID"/>
    <column name="SAVE_POINT"/>
  </data>
  <data tableName="AO_E8B6CC_ISSUE_MAPPING">
    <column name="ID"/>
    <column name="ISSUE_ID"/>
    <column name="NODE"/>
    <column name="PROJECT_KEY"/>
    <column name="REPOSITORY_URI"/>
  </data>
  <data tableName="AO_E8B6CC_ISSUE_MAPPING_V2">
    <column name="AUTHOR"/>
    <column name="BRANCH"/>
    <column name="DATE"/>
    <column name="FILES_DATA"/>
    <column name="ID"/>
    <column name="ISSUE_ID"/>
    <column name="MESSAGE"/>
    <column name="NODE"/>
    <column name="PARENTS_DATA"/>
    <column name="RAW_AUTHOR"/>
    <column name="RAW_NODE"/>
    <column name="REPOSITORY_ID"/>
    <column name="VERSION"/>
  </data>
  <data tableName="AO_E8B6CC_ISSUE_TO_BRANCH">
    <column name="BRANCH_ID"/>
    <column name="ID"/>
    <column name="ISSUE_KEY"/>
  </data>
  <data tableName="AO_E8B6CC_ISSUE_TO_CHANGESET">
    <column name="CHANGESET_ID"/>
    <column name="ID"/>
    <column name="ISSUE_KEY"/>
    <column name="PROJECT_KEY"/>
  </data>
  <data tableName="AO_E8B6CC_MESSAGE">
    <column name="ADDRESS"/>
    <column name="ID"/>
    <column name="PAYLOAD"/>
    <column name="PAYLOAD_TYPE"/>
    <column name="PRIORITY"/>
  </data>
  <data tableName="AO_E8B6CC_MESSAGE_QUEUE_ITEM">
    <column name="ID"/>
    <column name="LAST_FAILED"/>
    <column name="MESSAGE_ID"/>
    <column name="QUEUE"/>
    <column name="RETRIES_COUNT"/>
    <column name="STATE"/>
    <column name="STATE_INFO"/>
  </data>
  <data tableName="AO_E8B6CC_MESSAGE_TAG">
    <column name="ID"/>
    <column name="MESSAGE_ID"/>
    <column name="TAG"/>
  </data>
  <data tableName="AO_E8B6CC_ORGANIZATION_MAPPING">
    <column name="ACCESS_TOKEN"/>
    <column name="ADMIN_PASSWORD"/>
    <column name="ADMIN_USERNAME"/>
    <column name="AUTOLINK_NEW_REPOS"/>
    <column name="DEFAULT_GROUPS_SLUGS"/>
    <column name="DVCS_TYPE"/>
    <column name="HOST_URL"/>
    <column name="ID"/>
    <column name="NAME"/>
    <column name="OAUTH_KEY"/>
    <column name="OAUTH_SECRET"/>
    <column name="SMARTCOMMITS_FOR_NEW_REPOS"/>
  </data>
  <data tableName="AO_E8B6CC_PROJECT_MAPPING">
    <column name="ID"/>
    <column name="PASSWORD"/>
    <column name="PROJECT_KEY"/>
    <column name="REPOSITORY_URI"/>
    <column name="USERNAME"/>
  </data>
  <data tableName="AO_E8B6CC_PROJECT_MAPPING_V2">
    <column name="ACCESS_TOKEN"/>
    <column name="ADMIN_PASSWORD"/>
    <column name="ADMIN_USERNAME"/>
    <column name="ID"/>
    <column name="LAST_COMMIT_DATE"/>
    <column name="PROJECT_KEY"/>
    <column name="REPOSITORY_NAME"/>
    <column name="REPOSITORY_TYPE"/>
    <column name="REPOSITORY_URL"/>
  </data>
  <data tableName="AO_E8B6CC_PR_ISSUE_KEY">
    <column name="DOMAIN_ID"/>
    <column name="ID"/>
    <column name="ISSUE_KEY"/>
    <column name="PULL_REQUEST_ID"/>
  </data>
  <data tableName="AO_E8B6CC_PR_PARTICIPANT">
    <column name="APPROVED"/>
    <column name="DOMAIN_ID"/>
    <column name="ID"/>
    <column name="PULL_REQUEST_ID"/>
    <column name="ROLE"/>
    <column name="USERNAME"/>
  </data>
  <data tableName="AO_E8B6CC_PR_TO_COMMIT">
    <column name="COMMIT_ID"/>
    <column name="DOMAIN_ID"/>
    <column name="ID"/>
    <column name="REQUEST_ID"/>
  </data>
  <data tableName="AO_E8B6CC_PULL_REQUEST">
    <column name="AUTHOR"/>
    <column name="COMMENT_COUNT"/>
    <column name="CREATED_ON"/>
    <column name="DESTINATION_BRANCH"/>
    <column name="DOMAIN_ID"/>
    <column name="EXECUTED_BY"/>
    <column name="ID"/>
    <column name="LAST_STATUS"/>
    <column name="NAME"/>
    <column name="REMOTE_ID"/>
    <column name="SOURCE_BRANCH"/>
    <column name="SOURCE_REPO"/>
    <column name="TO_REPOSITORY_ID"/>
    <column name="UPDATED_ON"/>
    <column name="URL"/>
  </data>
  <data tableName="AO_E8B6CC_REPOSITORY_MAPPING">
    <column name="ACTIVITY_LAST_SYNC"/>
    <column name="DELETED"/>
    <column name="FORK"/>
    <column name="FORK_OF_NAME"/>
    <column name="FORK_OF_OWNER"/>
    <column name="FORK_OF_SLUG"/>
    <column name="ID"/>
    <column name="LAST_CHANGESET_NODE"/>
    <column name="LAST_COMMIT_DATE"/>
    <column name="LINKED"/>
    <column name="LOGO"/>
    <column name="NAME"/>
    <column name="ORGANIZATION_ID"/>
    <column name="SLUG"/>
    <column name="SMARTCOMMITS_ENABLED"/>
  </data>
  <data tableName="AO_E8B6CC_REPO_TO_CHANGESET">
    <column name="CHANGESET_ID"/>
    <column name="ID"/>
    <column name="REPOSITORY_ID"/>
  </data>
  <data tableName="AO_E8B6CC_SYNC_AUDIT_LOG">
    <column name="END_DATE"/>
    <column name="EXC_TRACE"/>
    <column name="FIRST_REQUEST_DATE"/>
    <column name="FLIGHT_TIME_MS"/>
    <column name="ID"/>
    <column name="NUM_REQUESTS"/>
    <column name="REPO_ID"/>
    <column name="START_DATE"/>
    <column name="SYNC_STATUS"/>
    <column name="SYNC_TYPE"/>
    <column name="TOTAL_ERRORS"/>
  </data>
  <data tableName="AO_E8B6CC_SYNC_EVENT">
    <column name="EVENT_CLASS"/>
    <column name="EVENT_DATE"/>
    <column name="EVENT_JSON"/>
    <column name="ID"/>
    <column name="REPO_ID"/>
    <column name="SCHEDULED_SYNC"/>
  </data>
</backup>